year,row_sector,bt_all,exporter_num,importer_num,sector
1995,G,233921.09,1,1,1
1995,L,302961.27,1,1,2
1995,H,141687.33,1,1,3
1996,G,254864.93,1,1,1
1996,L,336591.73,1,1,2
1996,H,154798.90,1,1,3
1997,G,250389.45,1,1,1
1997,L,336887.49,1,1,2
1997,H,159743.66,1,1,3
1998,G,227608.41,1,1,1
1998,L,303910.34,1,1,2
1998,H,149064.70,1,1,3
1999,G,239664.31,1,1,1
1999,L,324858.62,1,1,2
1999,H,167939.56,1,1,3
2000,G,211749.71,1,1,1
2000,L,313338.06,1,1,2
2000,H,165743.98,1,1,3
2001,G,204155.96,1,1,1
2001,L,295404.14,1,1,2
2001,H,156013.62,1,1,3
2002,G,233577.82,1,1,1
2002,L,329879.38,1,1,2
2002,H,172660.78,1,1,3
2003,G,307811.19,1,1,1
2003,L,417615.04,1,1,2
2003,H,222917.62,1,1,3
2004,G,384060.75,1,1,1
2004,L,498469.61,1,1,2
2004,H,269277.20,1,1,3
2005,G,419992.72,1,1,1
2005,L,541754.79,1,1,2
2005,H,302272.55,1,1,3
2006,G,449075.09,1,1,1
2006,L,565170.88,1,1,2
2006,H,335238.84,1,1,3
2007,G,533101.34,1,1,1
2007,L,686134.13,1,1,2
2007,H,406626.57,1,1,3
2008,G,563340.62,1,1,1
2008,L,750390.07,1,1,2
2008,H,460553.49,1,1,3
2009,G,597816.68,1,1,1
2009,L,717787.22,1,1,2
2009,H,452595.21,1,1,3
2010,G,728796.92,1,1,1
2010,L,883896.14,1,1,2
2010,H,568619.43,1,1,3
2011,G,827489.20,1,1,1
2011,L,1022773.10,1,1,2
2011,H,667522.63,1,1,3
1995,G,322.99,2,1,1
1995,L,0.18,2,1,2
1995,H,0.01,2,1,3
1996,G,301.07,2,1,1
1996,L,0.16,2,1,2
1996,H,0.01,2,1,3
1997,G,302.58,2,1,1
1997,L,0.14,2,1,2
1997,H,0.01,2,1,3
1998,G,212.53,2,1,1
1998,L,0.12,2,1,2
1998,H,0.01,2,1,3
1999,G,240.75,2,1,1
1999,L,0.18,2,1,2
1999,H,0.01,2,1,3
2000,G,366.83,2,1,1
2000,L,0.17,2,1,2
2000,H,0.01,2,1,3
2001,G,267.00,2,1,1
2001,L,0.13,2,1,2
2001,H,0.01,2,1,3
2002,G,265.25,2,1,1
2002,L,0.15,2,1,2
2002,H,0.01,2,1,3
2003,G,291.16,2,1,1
2003,L,0.18,2,1,2
2003,H,0.01,2,1,3
2004,G,381.11,2,1,1
2004,L,0.19,2,1,2
2004,H,0.01,2,1,3
2005,G,537.25,2,1,1
2005,L,0.25,2,1,2
2005,H,0.01,2,1,3
2006,G,620.31,2,1,1
2006,L,0.25,2,1,2
2006,H,0.01,2,1,3
2007,G,747.36,2,1,1
2007,L,0.27,2,1,2
2007,H,0.01,2,1,3
2008,G,1083.86,2,1,1
2008,L,0.28,2,1,2
2008,H,0.02,2,1,3
2009,G,604.91,2,1,1
2009,L,0.19,2,1,2
2009,H,0.01,2,1,3
2010,G,1486.94,2,1,1
2010,L,0.28,2,1,2
2010,H,0.01,2,1,3
2011,G,2505.66,2,1,1
2011,L,0.48,2,1,2
2011,H,0.02,2,1,3
1995,G,3087.49,3,1,1
1995,L,1061.42,3,1,2
1995,H,206.36,3,1,3
1996,G,3191.88,3,1,1
1996,L,1313.42,3,1,2
1996,H,199.69,3,1,3
1997,G,3884.07,3,1,1
1997,L,1350.64,3,1,2
1997,H,227.65,3,1,3
1998,G,3794.61,3,1,1
1998,L,1211.57,3,1,2
1998,H,233.30,3,1,3
1999,G,4207.83,3,1,1
1999,L,1470.58,3,1,2
1999,H,247.46,3,1,3
2000,G,4602.48,3,1,1
2000,L,1194.44,3,1,2
2000,H,208.40,3,1,3
2001,G,4533.53,3,1,1
2001,L,1112.87,3,1,2
2001,H,276.79,3,1,3
2002,G,5784.06,3,1,1
2002,L,1462.20,3,1,2
2002,H,188.45,3,1,3
2003,G,7579.22,3,1,1
2003,L,2282.74,3,1,2
2003,H,430.09,3,1,3
2004,G,11387.69,3,1,1
2004,L,3476.50,3,1,2
2004,H,780.60,3,1,3
2005,G,14463.29,3,1,1
2005,L,4352.86,3,1,2
2005,H,861.47,3,1,3
2006,G,17233.09,3,1,1
2006,L,3828.62,3,1,2
2006,H,811.20,3,1,3
2007,G,22388.23,3,1,1
2007,L,5996.21,3,1,2
2007,H,1296.22,3,1,3
2008,G,25718.05,3,1,1
2008,L,9039.66,3,1,2
2008,H,1709.27,3,1,3
2009,G,25143.26,3,1,1
2009,L,11398.00,3,1,2
2009,H,1624.11,3,1,3
2010,G,32499.58,3,1,1
2010,L,15501.42,3,1,2
2010,H,2671.56,3,1,3
2011,G,44106.36,3,1,1
2011,L,20817.96,3,1,2
2011,H,3778.08,3,1,3
1995,G,4165.29,4,1,1
1995,L,797.69,4,1,2
1995,H,357.42,4,1,3
1996,G,4044.24,4,1,1
1996,L,838.59,4,1,2
1996,H,285.71,4,1,3
1997,G,4344.34,4,1,1
1997,L,674.63,4,1,2
1997,H,318.28,4,1,3
1998,G,4196.79,4,1,1
1998,L,685.15,4,1,2
1998,H,224.96,4,1,3
1999,G,4469.19,4,1,1
1999,L,774.12,4,1,2
1999,H,225.94,4,1,3
2000,G,3819.47,4,1,1
2000,L,724.45,4,1,2
2000,H,175.32,4,1,3
2001,G,3821.47,4,1,1
2001,L,759.77,4,1,2
2001,H,155.41,4,1,3
2002,G,4431.78,4,1,1
2002,L,949.79,4,1,2
2002,H,150.84,4,1,3
2003,G,5762.91,4,1,1
2003,L,1033.73,4,1,2
2003,H,202.65,4,1,3
2004,G,6892.57,4,1,1
2004,L,795.35,4,1,2
2004,H,271.53,4,1,3
2005,G,7467.12,4,1,1
2005,L,792.28,4,1,2
2005,H,269.63,4,1,3
2006,G,7479.54,4,1,1
2006,L,694.20,4,1,2
2006,H,184.34,4,1,3
2007,G,9061.86,4,1,1
2007,L,1078.33,4,1,2
2007,H,357.22,4,1,3
2008,G,10009.70,4,1,1
2008,L,1043.76,4,1,2
2008,H,844.47,4,1,3
2009,G,8952.21,4,1,1
2009,L,887.83,4,1,2
2009,H,665.49,4,1,3
2010,G,9990.45,4,1,1
2010,L,1049.89,4,1,2
2010,H,569.17,4,1,3
2011,G,11916.11,4,1,1
2011,L,1224.48,4,1,2
2011,H,692.34,4,1,3
1995,G,556.52,5,1,1
1995,L,83.53,5,1,2
1995,H,6.18,5,1,3
1996,G,619.07,5,1,1
1996,L,124.94,5,1,2
1996,H,6.79,5,1,3
1997,G,731.85,5,1,1
1997,L,94.15,5,1,2
1997,H,9.20,5,1,3
1998,G,671.78,5,1,1
1998,L,120.70,5,1,2
1998,H,10.03,5,1,3
1999,G,762.92,5,1,1
1999,L,198.61,5,1,2
1999,H,16.80,5,1,3
2000,G,756.86,5,1,1
2000,L,97.00,5,1,2
2000,H,36.31,5,1,3
2001,G,642.61,5,1,1
2001,L,82.79,5,1,2
2001,H,68.07,5,1,3
2002,G,734.00,5,1,1
2002,L,123.76,5,1,2
2002,H,42.63,5,1,3
2003,G,708.97,5,1,1
2003,L,142.84,5,1,2
2003,H,93.68,5,1,3
2004,G,1062.73,5,1,1
2004,L,184.82,5,1,2
2004,H,422.08,5,1,3
2005,G,1328.71,5,1,1
2005,L,293.07,5,1,2
2005,H,228.75,5,1,3
2006,G,1519.39,5,1,1
2006,L,665.23,5,1,2
2006,H,671.54,5,1,3
2007,G,1830.73,5,1,1
2007,L,839.15,5,1,2
2007,H,982.47,5,1,3
2008,G,2041.95,5,1,1
2008,L,2160.08,5,1,2
2008,H,406.46,5,1,3
2009,G,3101.60,5,1,1
2009,L,1689.85,5,1,2
2009,H,155.93,5,1,3
2010,G,3284.03,5,1,1
2010,L,3000.80,5,1,2
2010,H,179.24,5,1,3
2011,G,4034.95,5,1,1
2011,L,3412.50,5,1,2
2011,H,205.95,5,1,3
1995,G,7235.89,6,1,1
1995,L,1140.35,6,1,2
1995,H,62.85,6,1,3
1996,G,6866.28,6,1,1
1996,L,950.92,6,1,2
1996,H,102.98,6,1,3
1997,G,8308.04,6,1,1
1997,L,1188.36,6,1,2
1997,H,82.42,6,1,3
1998,G,8166.25,6,1,1
1998,L,1023.85,6,1,2
1998,H,18.96,6,1,3
1999,G,8960.08,6,1,1
1999,L,990.77,6,1,2
1999,H,16.03,6,1,3
2000,G,8556.72,6,1,1
2000,L,1142.45,6,1,2
2000,H,25.63,6,1,3
2001,G,7400.07,6,1,1
2001,L,978.58,6,1,2
2001,H,36.50,6,1,3
2002,G,8106.72,6,1,1
2002,L,1010.51,6,1,2
2002,H,46.99,6,1,3
2003,G,9695.83,6,1,1
2003,L,1342.76,6,1,2
2003,H,32.46,6,1,3
2004,G,11025.89,6,1,1
2004,L,1923.36,6,1,2
2004,H,60.32,6,1,3
2005,G,11309.87,6,1,1
2005,L,1972.01,6,1,2
2005,H,85.95,6,1,3
2006,G,10727.43,6,1,1
2006,L,1702.96,6,1,2
2006,H,103.02,6,1,3
2007,G,11802.30,6,1,1
2007,L,1965.70,6,1,2
2007,H,130.53,6,1,3
2008,G,11967.98,6,1,1
2008,L,1047.22,6,1,2
2008,H,119.46,6,1,3
2009,G,9817.05,6,1,1
2009,L,607.27,6,1,2
2009,H,90.99,6,1,3
2010,G,13521.63,6,1,1
2010,L,701.26,6,1,2
2010,H,84.80,6,1,3
2011,G,17281.61,6,1,1
2011,L,848.59,6,1,2
2011,H,112.22,6,1,3
1995,G,82.26,7,1,1
1995,L,111.68,7,1,2
1995,H,0.10,7,1,3
1996,G,107.92,7,1,1
1996,L,102.26,7,1,2
1996,H,0.11,7,1,3
1997,G,121.15,7,1,1
1997,L,119.73,7,1,2
1997,H,0.14,7,1,3
1998,G,171.64,7,1,1
1998,L,98.15,7,1,2
1998,H,0.14,7,1,3
1999,G,191.67,7,1,1
1999,L,92.28,7,1,2
1999,H,0.18,7,1,3
2000,G,215.37,7,1,1
2000,L,110.80,7,1,2
2000,H,0.21,7,1,3
2001,G,249.80,7,1,1
2001,L,73.51,7,1,2
2001,H,0.24,7,1,3
2002,G,247.45,7,1,1
2002,L,61.11,7,1,2
2002,H,0.25,7,1,3
2003,G,332.89,7,1,1
2003,L,65.60,7,1,2
2003,H,0.34,7,1,3
2004,G,438.00,7,1,1
2004,L,58.67,7,1,2
2004,H,0.42,7,1,3
2005,G,563.35,7,1,1
2005,L,80.70,7,1,2
2005,H,0.60,7,1,3
2006,G,682.01,7,1,1
2006,L,78.72,7,1,2
2006,H,0.54,7,1,3
2007,G,770.27,7,1,1
2007,L,116.04,7,1,2
2007,H,0.73,7,1,3
2008,G,823.34,7,1,1
2008,L,78.15,7,1,2
2008,H,0.79,7,1,3
2009,G,666.70,7,1,1
2009,L,42.14,7,1,2
2009,H,0.70,7,1,3
2010,G,1150.15,7,1,1
2010,L,59.10,7,1,2
2010,H,0.68,7,1,3
2011,G,3048.87,7,1,1
2011,L,91.62,7,1,2
2011,H,1.04,7,1,3
1995,G,28903.92,8,1,1
1995,L,8013.09,8,1,2
1995,H,3861.64,8,1,3
1996,G,32461.97,8,1,1
1996,L,8331.79,8,1,2
1996,H,4233.72,8,1,3
1997,G,32610.01,8,1,1
1997,L,9390.69,8,1,2
1997,H,4694.18,8,1,3
1998,G,29992.93,8,1,1
1998,L,7615.85,8,1,2
1998,H,4326.37,8,1,3
1999,G,35895.48,8,1,1
1999,L,9465.48,8,1,2
1999,H,4914.63,8,1,3
2000,G,35856.77,8,1,1
2000,L,8450.40,8,1,2
2000,H,4972.12,8,1,3
2001,G,32948.87,8,1,1
2001,L,7190.10,8,1,2
2001,H,3863.93,8,1,3
2002,G,38213.66,8,1,1
2002,L,7523.99,8,1,2
2002,H,4338.83,8,1,3
2003,G,45928.58,8,1,1
2003,L,8741.04,8,1,2
2003,H,5085.80,8,1,3
2004,G,59326.36,8,1,1
2004,L,12182.12,8,1,2
2004,H,5170.01,8,1,3
2005,G,70714.79,8,1,1
2005,L,13026.54,8,1,2
2005,H,5662.95,8,1,3
2006,G,76881.10,8,1,1
2006,L,14068.70,8,1,2
2006,H,6065.67,8,1,3
2007,G,96416.22,8,1,1
2007,L,18434.23,8,1,2
2007,H,7448.04,8,1,3
2008,G,110992.27,8,1,1
2008,L,14615.46,8,1,2
2008,H,6986.72,8,1,3
2009,G,89070.88,8,1,1
2009,L,11488.87,8,1,2
2009,H,5955.11,8,1,3
2010,G,108483.08,8,1,1
2010,L,12124.27,8,1,2
2010,H,6439.76,8,1,3
2011,G,130551.26,8,1,1
2011,L,15606.22,8,1,2
2011,H,8249.21,8,1,3
1995,G,7898.08,9,1,1
1995,L,1572.10,9,1,2
1995,H,962.09,9,1,3
1996,G,8915.34,9,1,1
1996,L,1985.60,9,1,2
1996,H,1246.73,9,1,3
1997,G,10220.08,9,1,1
1997,L,2494.25,9,1,2
1997,H,1548.06,9,1,3
1998,G,8786.96,9,1,1
1998,L,2104.04,9,1,2
1998,H,1157.88,9,1,3
1999,G,9488.11,9,1,1
1999,L,1449.12,9,1,2
1999,H,1291.38,9,1,3
2000,G,9439.54,9,1,1
2000,L,1799.24,9,1,2
2000,H,1020.79,9,1,3
2001,G,7942.82,9,1,1
2001,L,1529.41,9,1,2
2001,H,1230.74,9,1,3
2002,G,9148.44,9,1,1
2002,L,1458.61,9,1,2
2002,H,1436.24,9,1,3
2003,G,9726.59,9,1,1
2003,L,1637.00,9,1,2
2003,H,2121.38,9,1,3
2004,G,11740.98,9,1,1
2004,L,1861.48,9,1,2
2004,H,2152.82,9,1,3
2005,G,12927.20,9,1,1
2005,L,1957.24,9,1,2
2005,H,2545.82,9,1,3
2006,G,13611.72,9,1,1
2006,L,2015.17,9,1,2
2006,H,2130.40,9,1,3
2007,G,15391.88,9,1,1
2007,L,3181.29,9,1,2
2007,H,3378.85,9,1,3
2008,G,15624.76,9,1,1
2008,L,4129.89,9,1,2
2008,H,3535.91,9,1,3
2009,G,14056.76,9,1,1
2009,L,2936.27,9,1,2
2009,H,3864.99,9,1,3
2010,G,16813.42,9,1,1
2010,L,4570.60,9,1,2
2010,H,5907.77,9,1,3
2011,G,23337.46,9,1,1
2011,L,5381.89,9,1,2
2011,H,7128.09,9,1,3
1995,G,160.38,1,2,1
1995,L,0.20,1,2,2
1995,H,0.00,1,2,3
1996,G,326.56,1,2,1
1996,L,1.04,1,2,2
1996,H,0.00,1,2,3
1997,G,235.93,1,2,1
1997,L,2.32,1,2,2
1997,H,0.00,1,2,3
1998,G,349.97,1,2,1
1998,L,4.25,1,2,2
1998,H,0.00,1,2,3
1999,G,309.22,1,2,1
1999,L,5.61,1,2,2
1999,H,0.00,1,2,3
2000,G,329.07,1,2,1
2000,L,3.62,1,2,2
2000,H,0.00,1,2,3
2001,G,307.34,1,2,1
2001,L,2.51,1,2,2
2001,H,0.00,1,2,3
2002,G,267.09,1,2,1
2002,L,1.96,1,2,2
2002,H,0.00,1,2,3
2003,G,371.87,1,2,1
2003,L,2.18,1,2,2
2003,H,0.00,1,2,3
2004,G,650.59,1,2,1
2004,L,2.45,1,2,2
2004,H,0.00,1,2,3
2005,G,1094.25,1,2,1
2005,L,3.34,1,2,2
2005,H,0.00,1,2,3
2006,G,1026.22,1,2,1
2006,L,4.59,1,2,2
2006,H,0.00,1,2,3
2007,G,893.05,1,2,1
2007,L,8.99,1,2,2
2007,H,0.00,1,2,3
2008,G,917.04,1,2,1
2008,L,7.73,1,2,2
2008,H,0.00,1,2,3
2009,G,722.90,1,2,1
2009,L,8.63,1,2,2
2009,H,0.00,1,2,3
2010,G,1429.01,1,2,1
2010,L,9.52,1,2,2
2010,H,0.00,1,2,3
2011,G,1977.12,1,2,1
2011,L,12.11,1,2,2
2011,H,0.00,1,2,3
1995,G,507685.63,2,2,1
1995,L,436140.31,2,2,2
1995,H,261781.43,2,2,3
1996,G,538963.47,2,2,1
1996,L,494906.10,2,2,2
1996,H,277215.47,2,2,3
1997,G,552972.39,2,2,1
1997,L,524988.96,2,2,2
1997,H,283210.03,2,2,3
1998,G,518434.66,2,2,1
1998,L,521570.62,2,2,2
1998,H,281819.24,2,2,3
1999,G,357909.27,2,2,1
1999,L,362834.41,2,2,2
1999,H,193593.42,2,2,3
2000,G,427768.92,2,2,1
2000,L,403487.79,2,2,2
2000,H,200885.38,2,2,3
2001,G,358073.71,2,2,1
2001,L,351079.11,2,2,2
2001,H,171010.84,2,2,3
2002,G,333703.30,2,2,1
2002,L,324672.73,2,2,2
2002,H,165612.50,2,2,3
2003,G,384931.83,2,2,1
2003,L,339196.89,2,2,2
2003,H,171159.78,2,2,3
2004,G,471452.37,2,2,1
2004,L,402296.79,2,2,2
2004,H,192492.98,2,2,3
2005,G,617058.66,2,2,1
2005,L,549962.82,2,2,2
2005,H,261334.17,2,2,3
2006,G,733007.34,2,2,1
2006,L,671478.39,2,2,2
2006,H,334080.77,2,2,3
2007,G,922813.87,2,2,1
2007,L,845632.86,2,2,2
2007,H,426200.98,2,2,3
2008,G,1156302.40,2,2,1
2008,L,1013935.20,2,2,2
2008,H,498766.24,2,2,3
2009,G,1042673.40,2,2,1
2009,L,1010746.20,2,2,2
2009,H,510566.47,2,2,3
2010,G,1369926.00,2,2,1
2010,L,1292597.70,2,2,2
2010,H,651304.07,2,2,3
2011,G,1471774.90,2,2,1
2011,L,1485327.60,2,2,2
2011,H,749515.62,2,2,3
1995,G,906.14,3,2,1
1995,L,11.32,3,2,2
1995,H,0.00,3,2,3
1996,G,1064.65,3,2,1
1996,L,10.32,3,2,2
1996,H,0.00,3,2,3
1997,G,1241.59,3,2,1
1997,L,127.38,3,2,2
1997,H,0.00,3,2,3
1998,G,1091.94,3,2,1
1998,L,137.41,3,2,2
1998,H,0.00,3,2,3
1999,G,834.08,3,2,1
1999,L,128.24,3,2,2
1999,H,0.00,3,2,3
2000,G,1192.94,3,2,1
2000,L,142.41,3,2,2
2000,H,0.00,3,2,3
2001,G,1285.69,3,2,1
2001,L,172.12,3,2,2
2001,H,0.00,3,2,3
2002,G,1544.04,3,2,1
2002,L,151.36,3,2,2
2002,H,0.00,3,2,3
2003,G,2089.55,3,2,1
2003,L,223.17,3,2,2
2003,H,0.01,3,2,3
2004,G,3465.43,3,2,1
2004,L,254.15,3,2,2
2004,H,0.01,3,2,3
2005,G,5070.10,3,2,1
2005,L,345.34,3,2,2
2005,H,0.02,3,2,3
2006,G,8110.57,3,2,1
2006,L,320.44,3,2,2
2006,H,0.02,3,2,3
2007,G,13303.72,3,2,1
2007,L,279.80,3,2,2
2007,H,0.02,3,2,3
2008,G,20275.89,3,2,1
2008,L,197.75,3,2,2
2008,H,0.01,3,2,3
2009,G,16297.50,3,2,1
2009,L,476.09,3,2,2
2009,H,0.16,3,2,3
2010,G,25365.72,3,2,1
2010,L,710.09,3,2,2
2010,H,0.14,3,2,3
2011,G,36754.61,3,2,1
2011,L,882.19,3,2,2
2011,H,0.18,3,2,3
1995,G,6020.01,4,2,1
1995,L,1030.24,4,2,2
1995,H,1174.22,4,2,3
1996,G,5582.72,4,2,1
1996,L,840.78,4,2,2
1996,H,1231.67,4,2,3
1997,G,6096.13,4,2,1
1997,L,739.28,4,2,2
1997,H,1279.74,4,2,3
1998,G,6387.06,4,2,1
1998,L,636.66,4,2,2
1998,H,1373.05,4,2,3
1999,G,5574.36,4,2,1
1999,L,447.68,4,2,2
1999,H,1022.06,4,2,3
2000,G,5316.27,4,2,1
2000,L,665.90,4,2,2
2000,H,1392.67,4,2,3
2001,G,5524.14,4,2,1
2001,L,691.71,4,2,2
2001,H,1128.98,4,2,3
2002,G,5236.27,4,2,1
2002,L,1013.79,4,2,2
2002,H,1045.54,4,2,3
2003,G,4972.50,4,2,1
2003,L,690.24,4,2,2
2003,H,1124.55,4,2,3
2004,G,5915.28,4,2,1
2004,L,1294.72,4,2,2
2004,H,1290.27,4,2,3
2005,G,7025.28,4,2,1
2005,L,1009.78,4,2,2
2005,H,1389.60,4,2,3
2006,G,7648.63,4,2,1
2006,L,1830.31,4,2,2
2006,H,1359.77,4,2,3
2007,G,10068.80,4,2,1
2007,L,1745.28,4,2,2
2007,H,2381.27,4,2,3
2008,G,13252.13,4,2,1
2008,L,2173.20,4,2,2
2008,H,2018.91,4,2,3
2009,G,11097.58,4,2,1
2009,L,2883.25,4,2,2
2009,H,3379.14,4,2,3
2010,G,12976.75,4,2,1
2010,L,3904.56,4,2,2
2010,H,3155.44,4,2,3
2011,G,17472.50,4,2,1
2011,L,4635.93,4,2,2
2011,H,3400.63,4,2,3
1995,G,140.24,5,2,1
1995,L,0.00,5,2,2
1995,H,0.00,5,2,3
1996,G,209.85,5,2,1
1996,L,0.00,5,2,2
1996,H,0.00,5,2,3
1997,G,314.78,5,2,1
1997,L,0.00,5,2,2
1997,H,0.00,5,2,3
1998,G,370.86,5,2,1
1998,L,0.00,5,2,2
1998,H,0.00,5,2,3
1999,G,279.52,5,2,1
1999,L,0.00,5,2,2
1999,H,0.00,5,2,3
2000,G,494.78,5,2,1
2000,L,0.01,5,2,2
2000,H,0.00,5,2,3
2001,G,856.57,5,2,1
2001,L,0.01,5,2,2
2001,H,0.00,5,2,3
2002,G,699.80,5,2,1
2002,L,0.02,5,2,2
2002,H,0.00,5,2,3
2003,G,440.38,5,2,1
2003,L,0.01,5,2,2
2003,H,0.00,5,2,3
2004,G,524.12,5,2,1
2004,L,0.01,5,2,2
2004,H,0.00,5,2,3
2005,G,960.83,5,2,1
2005,L,0.02,5,2,2
2005,H,0.00,5,2,3
2006,G,988.82,5,2,1
2006,L,0.03,5,2,2
2006,H,0.00,5,2,3
2007,G,1542.60,5,2,1
2007,L,0.06,5,2,2
2007,H,0.00,5,2,3
2008,G,2217.09,5,2,1
2008,L,0.13,5,2,2
2008,H,0.00,5,2,3
2009,G,1637.10,5,2,1
2009,L,0.18,5,2,2
2009,H,0.00,5,2,3
2010,G,2995.84,5,2,1
2010,L,0.20,5,2,2
2010,H,0.00,5,2,3
2011,G,3869.37,5,2,1
2011,L,0.21,5,2,2
2011,H,0.00,5,2,3
1995,G,2293.16,6,2,1
1995,L,520.78,6,2,2
1995,H,19.34,6,2,3
1996,G,2279.16,6,2,1
1996,L,790.85,6,2,2
1996,H,28.00,6,2,3
1997,G,3358.89,6,2,1
1997,L,1017.85,6,2,2
1997,H,10.70,6,2,3
1998,G,3263.07,6,2,1
1998,L,618.88,6,2,2
1998,H,33.58,6,2,3
1999,G,2370.27,6,2,1
1999,L,472.52,6,2,2
1999,H,4.13,6,2,3
2000,G,2690.14,6,2,1
2000,L,563.55,6,2,2
2000,H,12.36,6,2,3
2001,G,2691.44,6,2,1
2001,L,909.97,6,2,2
2001,H,79.21,6,2,3
2002,G,2096.97,6,2,1
2002,L,688.72,6,2,2
2002,H,51.65,6,2,3
2003,G,2200.67,6,2,1
2003,L,1175.90,6,2,2
2003,H,40.09,6,2,3
2004,G,2426.34,6,2,1
2004,L,1286.48,6,2,2
2004,H,17.94,6,2,3
2005,G,2832.57,6,2,1
2005,L,1567.58,6,2,2
2005,H,21.61,6,2,3
2006,G,3185.60,6,2,1
2006,L,352.88,6,2,2
2006,H,11.14,6,2,3
2007,G,3870.55,6,2,1
2007,L,377.76,6,2,2
2007,H,14.09,6,2,3
2008,G,5282.65,6,2,1
2008,L,285.54,6,2,2
2008,H,20.97,6,2,3
2009,G,4088.17,6,2,1
2009,L,258.69,6,2,2
2009,H,15.89,6,2,3
2010,G,5680.61,6,2,1
2010,L,526.07,6,2,2
2010,H,4.12,6,2,3
2011,G,7026.51,6,2,1
2011,L,620.91,6,2,2
2011,H,4.65,6,2,3
1995,G,727.48,7,2,1
1995,L,2.07,7,2,2
1995,H,0.27,7,2,3
1996,G,907.78,7,2,1
1996,L,2.49,7,2,2
1996,H,0.33,7,2,3
1997,G,1200.98,7,2,1
1997,L,3.82,7,2,2
1997,H,0.55,7,2,3
1998,G,923.36,7,2,1
1998,L,1.91,7,2,2
1998,H,0.41,7,2,3
1999,G,530.97,7,2,1
1999,L,1.23,7,2,2
1999,H,0.36,7,2,3
2000,G,696.17,7,2,1
2000,L,1.52,7,2,2
2000,H,0.43,7,2,3
2001,G,682.65,7,2,1
2001,L,1.64,7,2,2
2001,H,0.48,7,2,3
2002,G,581.40,7,2,1
2002,L,1.90,7,2,2
2002,H,0.50,7,2,3
2003,G,497.90,7,2,1
2003,L,1.87,7,2,2
2003,H,0.52,7,2,3
2004,G,621.74,7,2,1
2004,L,2.38,7,2,2
2004,H,0.66,7,2,3
2005,G,724.71,7,2,1
2005,L,2.82,7,2,2
2005,H,0.72,7,2,3
2006,G,1163.65,7,2,1
2006,L,3.93,7,2,2
2006,H,0.81,7,2,3
2007,G,1461.89,7,2,1
2007,L,4.57,7,2,2
2007,H,1.29,7,2,3
2008,G,2178.28,7,2,1
2008,L,9.62,7,2,2
2008,H,1.89,7,2,3
2009,G,2190.61,7,2,1
2009,L,9.11,7,2,2
2009,H,1.85,7,2,3
2010,G,3080.00,7,2,1
2010,L,12.06,7,2,2
2010,H,2.08,7,2,3
2011,G,4310.86,7,2,1
2011,L,12.02,7,2,2
2011,H,2.47,7,2,3
1995,G,30308.71,8,2,1
1995,L,6975.59,8,2,2
1995,H,1598.78,8,2,3
1996,G,33114.97,8,2,1
1996,L,6927.16,8,2,2
1996,H,1644.76,8,2,3
1997,G,34033.63,8,2,1
1997,L,7190.94,8,2,2
1997,H,1757.96,8,2,3
1998,G,33663.74,8,2,1
1998,L,7324.96,8,2,2
1998,H,1744.81,8,2,3
1999,G,30209.95,8,2,1
1999,L,6542.96,8,2,2
1999,H,1526.06,8,2,3
2000,G,36123.62,8,2,1
2000,L,8187.29,8,2,2
2000,H,2078.51,8,2,3
2001,G,35341.49,8,2,1
2001,L,7909.74,8,2,2
2001,H,2202.68,8,2,3
2002,G,31185.61,8,2,1
2002,L,6575.35,8,2,2
2002,H,1678.15,8,2,3
2003,G,32425.15,8,2,1
2003,L,6624.88,8,2,2
2003,H,1785.69,8,2,3
2004,G,42385.69,8,2,1
2004,L,6738.88,8,2,2
2004,H,2094.15,8,2,3
2005,G,48195.86,8,2,1
2005,L,11283.12,8,2,2
2005,H,2873.48,8,2,3
2006,G,59446.76,8,2,1
2006,L,14513.67,8,2,2
2006,H,3746.15,8,2,3
2007,G,76758.57,8,2,1
2007,L,18753.64,8,2,2
2007,H,3631.53,8,2,3
2008,G,110523.99,8,2,1
2008,L,24173.16,8,2,2
2008,H,5045.98,8,2,3
2009,G,76649.30,8,2,1
2009,L,23376.39,8,2,2
2009,H,5448.14,8,2,3
2010,G,105047.03,8,2,1
2010,L,32305.51,8,2,2
2010,H,7428.13,8,2,3
2011,G,128084.83,8,2,1
2011,L,39550.99,8,2,2
2011,H,9343.50,8,2,3
1995,G,11201.42,9,2,1
1995,L,332.43,9,2,2
1995,H,201.79,9,2,3
1996,G,10554.84,9,2,1
1996,L,411.06,9,2,2
1996,H,170.96,9,2,3
1997,G,13937.38,9,2,1
1997,L,550.69,9,2,2
1997,H,217.05,9,2,3
1998,G,11791.19,9,2,1
1998,L,552.59,9,2,2
1998,H,192.76,9,2,3
1999,G,9205.45,9,2,1
1999,L,410.61,9,2,2
1999,H,134.61,9,2,3
2000,G,10733.63,9,2,1
2000,L,652.43,9,2,2
2000,H,154.73,9,2,3
2001,G,10406.95,9,2,1
2001,L,709.65,9,2,2
2001,H,302.62,9,2,3
2002,G,8084.69,9,2,1
2002,L,458.88,9,2,2
2002,H,935.13,9,2,3
2003,G,7533.67,9,2,1
2003,L,498.69,9,2,2
2003,H,937.71,9,2,3
2004,G,8973.15,9,2,1
2004,L,441.87,9,2,2
2004,H,653.67,9,2,3
2005,G,10364.36,9,2,1
2005,L,1012.67,9,2,2
2005,H,1028.93,9,2,3
2006,G,12056.30,9,2,1
2006,L,1707.33,9,2,2
2006,H,910.36,9,2,3
2007,G,15465.89,9,2,1
2007,L,2114.47,9,2,2
2007,H,753.80,9,2,3
2008,G,20095.00,9,2,1
2008,L,1673.42,9,2,2
2008,H,1025.67,9,2,3
2009,G,16809.29,9,2,1
2009,L,2005.38,9,2,2
2009,H,1618.96,9,2,3
2010,G,23942.50,9,2,1
2010,L,3610.52,9,2,2
2010,H,3793.15,9,2,3
2011,G,32396.46,9,2,1
2011,L,4346.83,9,2,2
2011,H,4619.20,9,2,3
1995,G,3308.52,1,3,1
1995,L,556.14,1,3,2
1995,H,131.05,1,3,3
1996,G,3938.39,1,3,1
1996,L,570.74,1,3,2
1996,H,128.52,1,3,3
1997,G,4669.31,1,3,1
1997,L,475.30,1,3,2
1997,H,117.86,1,3,3
1998,G,3964.81,1,3,1
1998,L,283.87,1,3,2
1998,H,106.63,1,3,3
1999,G,4550.72,1,3,1
1999,L,262.55,1,3,2
1999,H,108.23,1,3,3
2000,G,5585.25,1,3,1
2000,L,290.01,1,3,2
2000,H,101.13,1,3,3
2001,G,5127.92,1,3,1
2001,L,325.05,1,3,2
2001,H,108.88,1,3,3
2002,G,5369.62,1,3,1
2002,L,393.97,1,3,2
2002,H,236.79,1,3,3
2003,G,7414.45,1,3,1
2003,L,704.83,1,3,2
2003,H,365.89,1,3,3
2004,G,11357.22,1,3,1
2004,L,1182.13,1,3,2
2004,H,333.66,1,3,3
2005,G,16729.72,1,3,1
2005,L,1754.22,1,3,2
2005,H,336.28,1,3,3
2006,G,20990.60,1,3,1
2006,L,2341.54,1,3,2
2006,H,673.13,1,3,3
2007,G,27876.41,1,3,1
2007,L,3720.95,1,3,2
2007,H,469.87,1,3,3
2008,G,42736.25,1,3,1
2008,L,5476.12,1,3,2
2008,H,1847.12,1,3,3
2009,G,43417.99,1,3,1
2009,L,5340.78,1,3,2
2009,H,1562.65,1,3,3
2010,G,71620.12,1,3,1
2010,L,7541.17,1,3,2
2010,H,2306.68,1,3,3
2011,G,94919.13,1,3,1
2011,L,9861.35,1,3,2
2011,H,3088.43,1,3,3
1995,G,706.66,2,3,1
1995,L,1.91,2,3,2
1995,H,1.16,2,3,3
1996,G,787.04,2,3,1
1996,L,1.81,2,3,2
1996,H,1.02,2,3,3
1997,G,1128.40,2,3,1
1997,L,1.78,2,3,2
1997,H,0.85,2,3,3
1998,G,889.24,2,3,1
1998,L,0.49,2,3,2
1998,H,0.11,2,3,3
1999,G,781.26,2,3,1
1999,L,0.51,2,3,2
1999,H,0.15,2,3,3
2000,G,1214.46,2,3,1
2000,L,0.98,2,3,2
2000,H,0.30,2,3,3
2001,G,1627.06,2,3,1
2001,L,1.32,2,3,2
2001,H,0.49,2,3,3
2002,G,2120.46,2,3,1
2002,L,3.89,2,3,2
2002,H,1.77,2,3,3
2003,G,3944.13,2,3,1
2003,L,7.47,2,3,2
2003,H,3.53,2,3,3
2004,G,6200.65,2,3,1
2004,L,17.71,2,3,2
2004,H,8.93,2,3,3
2005,G,7082.45,2,3,1
2005,L,60.82,2,3,2
2005,H,29.96,2,3,3
2006,G,9218.39,2,3,1
2006,L,45.18,2,3,2
2006,H,23.00,2,3,3
2007,G,13007.48,2,3,1
2007,L,53.66,2,3,2
2007,H,27.82,2,3,3
2008,G,21009.11,2,3,1
2008,L,97.22,2,3,2
2008,H,49.36,2,3,3
2009,G,21359.11,2,3,1
2009,L,78.26,2,3,2
2009,H,38.38,2,3,3
2010,G,25493.04,2,3,1
2010,L,132.30,2,3,2
2010,H,65.89,2,3,3
2011,G,36231.55,2,3,1
2011,L,180.85,2,3,2
2011,H,88.16,2,3,3
1995,G,1244317.00,3,3,1
1995,L,342230.62,3,3,2
1995,H,134296.76,3,3,3
1996,G,1495091.00,3,3,1
1996,L,400752.73,3,3,2
1996,H,161838.94,3,3,3
1997,G,1624405.20,3,3,1
1997,L,452531.38,3,3,2
1997,H,196579.64,3,3,3
1998,G,1705817.60,3,3,1
1998,L,522931.63,3,3,2
1998,H,211735.52,3,3,3
1999,G,1780668.10,3,3,1
1999,L,585303.78,3,3,2
1999,H,229914.36,3,3,3
2000,G,1932316.80,3,3,1
2000,L,658704.01,3,3,2
2000,H,254669.29,3,3,3
2001,G,2116813.20,3,3,1
2001,L,752429.91,3,3,2
2001,H,285590.19,3,3,3
2002,G,2282124.80,3,3,1
2002,L,835920.53,3,3,2
2002,H,310697.68,3,3,3
2003,G,2674735.10,3,3,1
2003,L,943871.54,3,3,2
2003,H,353998.24,3,3,3
2004,G,3168718.10,3,3,1
2004,L,1137522.60,3,3,2
2004,H,410693.80,3,3,3
2005,G,3842151.10,3,3,1
2005,L,1353047.10,3,3,2
2005,H,495572.88,3,3,3
2006,G,4904615.80,3,3,1
2006,L,1571932.60,3,3,2
2006,H,622048.82,3,3,3
2007,G,6487986.00,3,3,1
2007,L,2052711.70,3,3,2
2007,H,858213.14,3,3,3
2008,G,8546021.30,3,3,1
2008,L,2657584.00,3,3,2
2008,H,1127998.20,3,3,3
2009,G,9501582.80,3,3,1
2009,L,3005536.60,3,3,2
2009,H,1309628.30,3,3,3
2010,G,11241752.00,3,3,1
2010,L,3572796.90,3,3,2
2010,H,1512454.70,3,3,3
2011,G,13928425.00,3,3,1
2011,L,4414584.70,3,3,2
2011,H,1841826.70,3,3,3
1995,G,7438.48,4,3,1
1995,L,273.88,4,3,2
1995,H,72.54,4,3,3
1996,G,6723.05,4,3,1
1996,L,237.12,4,3,2
1996,H,70.51,4,3,3
1997,G,6927.09,4,3,1
1997,L,173.10,4,3,2
1997,H,68.18,4,3,3
1998,G,7694.27,4,3,1
1998,L,110.34,4,3,2
1998,H,137.48,4,3,3
1999,G,9360.59,4,3,1
1999,L,117.13,4,3,2
1999,H,186.93,4,3,3
2000,G,11044.18,4,3,1
2000,L,156.27,4,3,2
2000,H,209.73,4,3,3
2001,G,14964.19,4,3,1
2001,L,229.62,4,3,2
2001,H,233.86,4,3,3
2002,G,18409.31,4,3,1
2002,L,362.06,4,3,2
2002,H,571.65,4,3,3
2003,G,28041.43,4,3,1
2003,L,516.88,4,3,2
2003,H,1964.81,4,3,3
2004,G,35761.03,4,3,1
2004,L,819.94,4,3,2
2004,H,3783.05,4,3,3
2005,G,37396.79,4,3,1
2005,L,1050.48,4,3,2
2005,H,2079.88,4,3,3
2006,G,48700.57,4,3,1
2006,L,1828.54,4,3,2
2006,H,3546.22,4,3,3
2007,G,57816.38,4,3,1
2007,L,2697.60,4,3,2
2007,H,3805.28,4,3,3
2008,G,75565.12,4,3,1
2008,L,2810.39,4,3,2
2008,H,6375.10,4,3,3
2009,G,70753.68,4,3,1
2009,L,2597.88,4,3,2
2009,H,6006.27,4,3,3
2010,G,90568.19,4,3,1
2010,L,3412.67,4,3,2
2010,H,7636.31,4,3,3
2011,G,109346.73,4,3,1
2011,L,4044.75,4,3,2
2011,H,9170.67,4,3,3
1995,G,562.63,5,3,1
1995,L,11.50,5,3,2
1995,H,14.37,5,3,3
1996,G,816.82,5,3,1
1996,L,13.87,5,3,2
1996,H,13.18,5,3,3
1997,G,1489.22,5,3,1
1997,L,7.24,5,3,2
1997,H,16.09,5,3,3
1998,G,1472.46,5,3,1
1998,L,13.44,5,3,2
1998,H,25.30,5,3,3
1999,G,1707.89,5,3,1
1999,L,16.39,5,3,2
1999,H,37.69,5,3,3
2000,G,2389.32,5,3,1
2000,L,23.61,5,3,2
2000,H,85.23,5,3,3
2001,G,2489.99,5,3,1
2001,L,396.76,5,3,2
2001,H,60.95,5,3,3
2002,G,3200.44,5,3,1
2002,L,763.39,5,3,2
2002,H,144.22,5,3,3
2003,G,4205.30,5,3,1
2003,L,198.53,5,3,2
2003,H,134.02,5,3,3
2004,G,6045.90,5,3,1
2004,L,93.27,5,3,2
2004,H,197.28,5,3,3
2005,G,7657.07,5,3,1
2005,L,290.41,5,3,2
2005,H,211.18,5,3,3
2006,G,8983.90,5,3,1
2006,L,643.05,5,3,2
2006,H,302.59,5,3,3
2007,G,10982.69,5,3,1
2007,L,476.79,5,3,2
2007,H,201.06,5,3,3
2008,G,8875.09,5,3,1
2008,L,455.39,5,3,2
2008,H,0.00,5,3,3
2009,G,9880.45,5,3,1
2009,L,325.21,5,3,2
2009,H,0.00,5,3,3
2010,G,15624.40,5,3,1
2010,L,507.76,5,3,2
2010,H,0.00,5,3,3
2011,G,22410.73,5,3,1
2011,L,578.13,5,3,2
2011,H,0.00,5,3,3
1995,G,27872.42,6,3,1
1995,L,870.29,6,3,2
1995,H,100.88,6,3,3
1996,G,25052.06,6,3,1
1996,L,1105.05,6,3,2
1996,H,137.27,6,3,3
1997,G,27589.57,6,3,1
1997,L,1036.72,6,3,2
1997,H,146.25,6,3,3
1998,G,28006.06,6,3,1
1998,L,497.50,6,3,2
1998,H,172.64,6,3,3
1999,G,31328.27,6,3,1
1999,L,494.34,6,3,2
1999,H,286.87,6,3,3
2000,G,38401.81,6,3,1
2000,L,398.23,6,3,2
2000,H,191.77,6,3,3
2001,G,39457.08,6,3,1
2001,L,506.60,6,3,2
2001,H,52.44,6,3,3
2002,G,48574.25,6,3,1
2002,L,686.35,6,3,2
2002,H,166.96,6,3,3
2003,G,65100.84,6,3,1
2003,L,1122.21,6,3,2
2003,H,334.33,6,3,3
2004,G,84349.40,6,3,1
2004,L,1419.55,6,3,2
2004,H,501.45,6,3,3
2005,G,90176.49,6,3,1
2005,L,2269.37,6,3,2
2005,H,340.54,6,3,3
2006,G,103170.38,6,3,1
2006,L,2642.19,6,3,2
2006,H,239.72,6,3,3
2007,G,116808.94,6,3,1
2007,L,4213.56,6,3,2
2007,H,531.32,6,3,3
2008,G,130696.79,6,3,1
2008,L,5580.34,6,3,2
2008,H,806.01,6,3,3
2009,G,113156.16,6,3,1
2009,L,4949.89,6,3,2
2009,H,482.28,6,3,3
2010,G,155054.66,6,3,1
2010,L,2485.27,6,3,2
2010,H,335.45,6,3,3
2011,G,176550.92,6,3,1
2011,L,3009.14,6,3,2
2011,H,457.66,6,3,3
1995,G,159.53,7,3,1
1995,L,2.91,7,3,2
1995,H,0.05,7,3,3
1996,G,213.92,7,3,1
1996,L,2.58,7,3,2
1996,H,0.08,7,3,3
1997,G,144.28,7,3,1
1997,L,1.49,7,3,2
1997,H,0.07,7,3,3
1998,G,158.83,7,3,1
1998,L,0.84,7,3,2
1998,H,0.07,7,3,3
1999,G,172.71,7,3,1
1999,L,1.31,7,3,2
1999,H,0.09,7,3,3
2000,G,352.16,7,3,1
2000,L,3.92,7,3,2
2000,H,0.19,7,3,3
2001,G,579.52,7,3,1
2001,L,7.89,7,3,2
2001,H,0.33,7,3,3
2002,G,841.69,7,3,1
2002,L,14.95,7,3,2
2002,H,0.62,7,3,3
2003,G,1348.37,7,3,1
2003,L,22.21,7,3,2
2003,H,1.01,7,3,3
2004,G,1680.33,7,3,1
2004,L,20.16,7,3,2
2004,H,1.17,7,3,3
2005,G,1857.61,7,3,1
2005,L,42.75,7,3,2
2005,H,2.24,7,3,3
2006,G,2245.30,7,3,1
2006,L,44.00,7,3,2
2006,H,2.02,7,3,3
2007,G,3423.17,7,3,1
2007,L,67.88,7,3,2
2007,H,9.28,7,3,3
2008,G,4307.26,7,3,1
2008,L,53.09,7,3,2
2008,H,5.81,7,3,3
2009,G,4135.15,7,3,1
2009,L,49.43,7,3,2
2009,H,7.09,7,3,3
2010,G,7424.06,7,3,1
2010,L,72.72,7,3,2
2010,H,15.56,7,3,3
2011,G,8698.48,7,3,1
2011,L,73.48,7,3,2
2011,H,16.03,7,3,3
1995,G,78178.68,8,3,1
1995,L,5924.30,8,3,2
1995,H,1863.28,8,3,3
1996,G,83994.40,8,3,1
1996,L,4545.02,8,3,2
1996,H,1806.38,8,3,3
1997,G,86212.69,8,3,1
1997,L,4198.64,8,3,2
1997,H,1782.02,8,3,3
1998,G,86179.93,8,3,1
1998,L,3077.46,8,3,2
1998,H,3964.29,8,3,3
1999,G,102875.10,8,3,1
1999,L,3593.83,8,3,2
1999,H,4884.21,8,3,3
2000,G,142812.65,8,3,1
2000,L,5541.90,8,3,2
2000,H,6665.70,8,3,3
2001,G,152008.82,8,3,1
2001,L,6428.77,8,3,2
2001,H,7711.73,8,3,3
2002,G,184004.26,8,3,1
2002,L,9337.86,8,3,2
2002,H,9164.83,8,3,3
2003,G,249572.45,8,3,1
2003,L,12826.09,8,3,2
2003,H,13136.51,8,3,3
2004,G,339487.66,8,3,1
2004,L,18585.61,8,3,2
2004,H,16723.48,8,3,3
2005,G,406298.73,8,3,1
2005,L,21925.61,8,3,2
2005,H,22073.83,8,3,3
2006,G,480636.92,8,3,1
2006,L,26279.54,8,3,2
2006,H,22386.94,8,3,3
2007,G,577429.58,8,3,1
2007,L,36586.92,8,3,2
2007,H,29772.85,8,3,3
2008,G,680289.31,8,3,1
2008,L,45898.46,8,3,2
2008,H,27301.08,8,3,3
2009,G,597961.86,8,3,1
2009,L,38074.96,8,3,2
2009,H,25757.67,8,3,3
2010,G,820134.83,8,3,1
2010,L,53901.90,8,3,2
2010,H,31581.95,8,3,3
2011,G,1023124.70,8,3,1
2011,L,73503.61,8,3,2
2011,H,40757.69,8,3,3
1995,G,12866.10,9,3,1
1995,L,1098.89,9,3,2
1995,H,130.02,9,3,3
1996,G,12614.94,9,3,1
1996,L,1071.00,9,3,2
1996,H,113.66,9,3,3
1997,G,15091.23,9,3,1
1997,L,1080.31,9,3,2
1997,H,115.24,9,3,3
1998,G,14349.00,9,3,1
1998,L,707.80,9,3,2
1998,H,214.92,9,3,3
1999,G,15562.57,9,3,1
1999,L,697.50,9,3,2
1999,H,229.07,9,3,3
2000,G,17867.23,9,3,1
2000,L,1044.34,9,3,2
2000,H,359.78,9,3,3
2001,G,20857.24,9,3,1
2001,L,1315.54,9,3,2
2001,H,426.97,9,3,3
2002,G,21357.88,9,3,1
2002,L,1940.75,9,3,2
2002,H,795.63,9,3,3
2003,G,27307.27,9,3,1
2003,L,2590.26,9,3,2
2003,H,1157.34,9,3,3
2004,G,37624.06,9,3,1
2004,L,3737.76,9,3,2
2004,H,807.52,9,3,3
2005,G,43496.41,9,3,1
2005,L,5577.00,9,3,2
2005,H,1319.07,9,3,3
2006,G,55029.51,9,3,1
2006,L,8992.05,9,3,2
2006,H,3162.47,9,3,3
2007,G,67624.90,9,3,1
2007,L,12478.45,9,3,2
2007,H,3548.01,9,3,3
2008,G,78952.28,9,3,1
2008,L,16150.41,9,3,2
2008,H,9825.19,9,3,3
2009,G,78626.51,9,3,1
2009,L,16302.36,9,3,2
2009,H,8020.48,9,3,3
2010,G,97614.62,9,3,1
2010,L,25170.39,9,3,2
2010,H,14695.85,9,3,3
2011,G,124349.80,9,3,1
2011,L,32948.44,9,3,2
2011,H,18042.19,9,3,3
1995,G,1421.72,1,4,1
1995,L,327.16,1,4,2
1995,H,341.91,1,4,3
1996,G,1135.65,1,4,1
1996,L,397.79,1,4,2
1996,H,423.97,1,4,3
1997,G,1343.10,1,4,1
1997,L,328.56,1,4,2
1997,H,293.28,1,4,3
1998,G,1273.44,1,4,1
1998,L,248.73,1,4,2
1998,H,235.83,1,4,3
1999,G,1216.28,1,4,1
1999,L,179.52,1,4,2
1999,H,271.09,1,4,3
2000,G,1230.80,1,4,1
2000,L,271.53,1,4,2
2000,H,219.88,1,4,3
2001,G,966.94,1,4,1
2001,L,335.18,1,4,2
2001,H,118.74,1,4,3
2002,G,985.29,1,4,1
2002,L,403.74,1,4,2
2002,H,137.92,1,4,3
2003,G,1172.41,1,4,1
2003,L,526.52,1,4,2
2003,H,200.07,1,4,3
2004,G,1640.28,1,4,1
2004,L,726.21,1,4,2
2004,H,181.76,1,4,3
2005,G,1761.02,1,4,1
2005,L,734.19,1,4,2
2005,H,147.98,1,4,3
2006,G,2108.13,1,4,1
2006,L,752.93,1,4,2
2006,H,205.88,1,4,3
2007,G,2232.87,1,4,1
2007,L,853.10,1,4,2
2007,H,170.31,1,4,3
2008,G,2169.70,1,4,1
2008,L,784.69,1,4,2
2008,H,535.54,1,4,3
2009,G,1846.42,1,4,1
2009,L,1555.88,1,4,2
2009,H,610.41,1,4,3
2010,G,2548.27,1,4,1
2010,L,2317.30,1,4,2
2010,H,405.20,1,4,3
2011,G,3423.92,1,4,1
2011,L,2706.51,1,4,2
2011,H,465.87,1,4,3
1995,G,3144.91,2,4,1
1995,L,2120.86,2,4,2
1995,H,938.45,2,4,3
1996,G,2691.27,2,4,1
1996,L,1985.51,2,4,2
1996,H,939.85,2,4,3
1997,G,3297.77,2,4,1
1997,L,1941.22,2,4,2
1997,H,925.42,2,4,3
1998,G,3195.09,2,4,1
1998,L,1845.50,2,4,2
1998,H,925.78,2,4,3
1999,G,2972.34,2,4,1
1999,L,1731.07,2,4,2
1999,H,893.01,2,4,3
2000,G,3268.31,2,4,1
2000,L,2227.31,2,4,2
2000,H,861.23,2,4,3
2001,G,3196.05,2,4,1
2001,L,2363.68,2,4,2
2001,H,794.25,2,4,3
2002,G,3024.18,2,4,1
2002,L,2796.82,2,4,2
2002,H,917.58,2,4,3
2003,G,3902.82,2,4,1
2003,L,2175.76,2,4,2
2003,H,577.10,2,4,3
2004,G,4970.15,2,4,1
2004,L,2450.89,2,4,2
2004,H,562.84,2,4,3
2005,G,5959.70,2,4,1
2005,L,3544.63,2,4,2
2005,H,1018.29,2,4,3
2006,G,7625.59,2,4,1
2006,L,3521.56,2,4,2
2006,H,1072.86,2,4,3
2007,G,9964.54,2,4,1
2007,L,4399.32,2,4,2
2007,H,1446.80,2,4,3
2008,G,11058.22,2,4,1
2008,L,5441.09,2,4,2
2008,H,1842.21,2,4,3
2009,G,8271.79,2,4,1
2009,L,5227.60,2,4,2
2009,H,1676.26,2,4,3
2010,G,9843.74,2,4,1
2010,L,7807.14,2,4,2
2010,H,2469.41,2,4,3
2011,G,14112.79,2,4,1
2011,L,9021.24,2,4,2
2011,H,2804.85,2,4,3
1995,G,9494.58,3,4,1
1995,L,920.74,3,4,2
1995,H,9.50,3,4,3
1996,G,8764.63,3,4,1
1996,L,754.71,3,4,2
1996,H,7.78,3,4,3
1997,G,9478.56,3,4,1
1997,L,1032.63,3,4,2
1997,H,6.40,3,4,3
1998,G,9779.09,3,4,1
1998,L,953.56,3,4,2
1998,H,23.31,3,4,3
1999,G,9996.17,3,4,1
1999,L,3138.91,3,4,2
1999,H,21.77,3,4,3
2000,G,12907.72,3,4,1
2000,L,805.76,3,4,2
2000,H,34.95,3,4,3
2001,G,12610.94,3,4,1
2001,L,1156.39,3,4,2
2001,H,26.66,3,4,3
2002,G,13695.09,3,4,1
2002,L,1131.94,3,4,2
2002,H,82.28,3,4,3
2003,G,21274.95,3,4,1
2003,L,1356.55,3,4,2
2003,H,164.03,3,4,3
2004,G,30120.74,3,4,1
2004,L,2143.59,3,4,2
2004,H,392.38,3,4,3
2005,G,37758.74,3,4,1
2005,L,2157.97,3,4,2
2005,H,580.62,3,4,3
2006,G,49473.25,3,4,1
2006,L,2444.61,3,4,2
2006,H,621.61,3,4,3
2007,G,67722.54,3,4,1
2007,L,3538.43,3,4,2
2007,H,861.92,3,4,3
2008,G,78962.51,3,4,1
2008,L,5079.95,3,4,2
2008,H,559.08,3,4,3
2009,G,68340.86,3,4,1
2009,L,7523.70,3,4,2
2009,H,671.49,3,4,3
2010,G,89290.01,3,4,1
2010,L,11706.24,3,4,2
2010,H,554.02,3,4,3
2011,G,108871.38,3,4,1
2011,L,13661.56,3,4,2
2011,H,753.03,3,4,3
1995,G,1323023.00,4,4,1
1995,L,1525904.40,4,4,2
1995,H,862880.37,4,4,3
1996,G,1221863.00,4,4,1
1996,L,1480284.10,4,4,2
1996,H,865089.24,4,4,3
1997,G,1049910.30,4,4,1
1997,L,1309686.50,4,4,2
1997,H,779443.97,4,4,3
1998,G,1042345.10,4,4,1
1998,L,1329397.10,4,4,2
1998,H,794685.49,4,4,3
1999,G,1010057.50,4,4,1
1999,L,1312039.30,4,4,2
1999,H,815573.92,4,4,3
2000,G,897406.08,4,4,1
2000,L,1166699.40,4,4,2
2000,H,720759.92,4,4,3
2001,G,856589.14,4,4,1
2001,L,1159299.00,4,4,2
2001,H,721918.18,4,4,3
2002,G,843605.06,4,4,1
2002,L,1223663.30,4,4,2
2002,H,772391.06,4,4,3
2003,G,1006167.80,4,4,1
2003,L,1479830.20,4,4,2
2003,H,967115.97,4,4,3
2004,G,1113973.50,4,4,1
2004,L,1662675.90,4,4,2
2004,H,1086980.30,4,4,3
2005,G,1108240.40,4,4,1
2005,L,1702076.90,4,4,2
2005,H,1128020.50,4,4,3
2006,G,1169869.50,4,4,1
2006,L,1771035.60,4,4,2
2006,H,1162381.90,4,4,3
2007,G,1350396.60,4,4,1
2007,L,1998953.30,4,4,2
2007,H,1302144.40,4,4,3
2008,G,1464538.70,4,4,1
2008,L,2228056.10,4,4,2
2008,H,1423917.80,4,4,3
2009,G,1203632.90,4,4,1
2009,L,2050052.70,4,4,2
2009,H,1393931.50,4,4,3
2010,G,1254855.40,4,4,1
2010,L,2047252.80,4,4,2
2010,H,1390705.20,4,4,3
2011,G,1482383.30,4,4,1
2011,L,2199589.50,4,4,2
2011,H,1488146.50,4,4,3
1995,G,2880.00,5,4,1
1995,L,836.62,5,4,2
1995,H,59.45,5,4,3
1996,G,2805.70,5,4,1
1996,L,1035.66,5,4,2
1996,H,72.87,5,4,3
1997,G,2850.44,5,4,1
1997,L,722.43,5,4,2
1997,H,53.26,5,4,3
1998,G,2929.66,5,4,1
1998,L,584.64,5,4,2
1998,H,69.44,5,4,3
1999,G,2963.22,5,4,1
1999,L,634.05,5,4,2
1999,H,84.85,5,4,3
2000,G,3283.09,5,4,1
2000,L,603.60,5,4,2
2000,H,244.49,5,4,3
2001,G,2917.92,5,4,1
2001,L,641.71,5,4,2
2001,H,381.10,5,4,3
2002,G,2935.79,5,4,1
2002,L,786.56,5,4,2
2002,H,258.39,5,4,3
2003,G,3328.31,5,4,1
2003,L,762.91,5,4,2
2003,H,496.86,5,4,3
2004,G,4379.25,5,4,1
2004,L,569.09,5,4,2
2004,H,2783.10,5,4,3
2005,G,4794.76,5,4,1
2005,L,854.89,5,4,2
2005,H,3247.08,5,4,3
2006,G,6168.89,5,4,1
2006,L,1226.69,5,4,2
2006,H,4300.82,5,4,3
2007,G,7265.97,5,4,1
2007,L,1550.57,5,4,2
2007,H,5309.31,5,4,3
2008,G,8016.10,5,4,1
2008,L,1874.00,5,4,2
2008,H,6861.79,5,4,3
2009,G,9571.19,5,4,1
2009,L,1465.77,5,4,2
2009,H,4161.78,5,4,3
2010,G,10179.09,5,4,1
2010,L,2575.73,5,4,2
2010,H,4299.55,5,4,3
2011,G,13894.51,5,4,1
2011,L,2436.38,5,4,2
2011,H,4396.63,5,4,3
1995,G,20240.88,6,4,1
1995,L,1046.52,6,4,2
1995,H,270.50,6,4,3
1996,G,17837.38,6,4,1
1996,L,755.96,6,4,2
1996,H,330.50,6,4,3
1997,G,19219.63,6,4,1
1997,L,775.21,6,4,2
1997,H,204.34,6,4,3
1998,G,20112.74,6,4,1
1998,L,616.92,6,4,2
1998,H,164.89,6,4,3
1999,G,19344.86,6,4,1
1999,L,527.56,6,4,2
1999,H,116.50,6,4,3
2000,G,19749.26,6,4,1
2000,L,807.21,6,4,2
2000,H,428.13,6,4,3
2001,G,15176.89,6,4,1
2001,L,905.66,6,4,2
2001,H,217.12,6,4,3
2002,G,13648.63,6,4,1
2002,L,867.07,6,4,2
2002,H,195.15,6,4,3
2003,G,16369.60,6,4,1
2003,L,1007.09,6,4,2
2003,H,279.71,6,4,3
2004,G,19283.18,6,4,1
2004,L,1589.72,6,4,2
2004,H,459.38,6,4,3
2005,G,18516.92,6,4,1
2005,L,1634.38,6,4,2
2005,H,273.09,6,4,3
2006,G,20545.13,6,4,1
2006,L,1615.08,6,4,2
2006,H,332.94,6,4,3
2007,G,24974.07,6,4,1
2007,L,1876.70,6,4,2
2007,H,418.20,6,4,3
2008,G,24899.50,6,4,1
2008,L,1916.75,6,4,2
2008,H,402.65,6,4,3
2009,G,18476.96,6,4,1
2009,L,1408.13,6,4,2
2009,H,286.24,6,4,3
2010,G,21617.48,6,4,1
2010,L,966.18,6,4,2
2010,H,152.50,6,4,3
2011,G,27047.50,6,4,1
2011,L,1072.51,6,4,2
2011,H,174.63,6,4,3
1995,G,516.90,7,4,1
1995,L,1523.32,7,4,2
1995,H,61.79,7,4,3
1996,G,550.28,7,4,1
1996,L,1565.20,7,4,2
1996,H,42.55,7,4,3
1997,G,617.17,7,4,1
1997,L,972.69,7,4,2
1997,H,12.21,7,4,3
1998,G,945.59,7,4,1
1998,L,1156.41,7,4,2
1998,H,17.06,7,4,3
1999,G,1347.37,7,4,1
1999,L,1180.41,7,4,2
1999,H,14.41,7,4,3
2000,G,1153.08,7,4,1
2000,L,1737.79,7,4,2
2000,H,15.83,7,4,3
2001,G,1220.97,7,4,1
2001,L,1941.25,7,4,2
2001,H,23.16,7,4,3
2002,G,1020.12,7,4,1
2002,L,2407.22,7,4,2
2002,H,40.00,7,4,3
2003,G,1595.28,7,4,1
2003,L,1840.73,7,4,2
2003,H,35.58,7,4,3
2004,G,1827.60,7,4,1
2004,L,1992.89,7,4,2
2004,H,89.32,7,4,3
2005,G,2178.66,7,4,1
2005,L,3433.69,7,4,2
2005,H,91.95,7,4,3
2006,G,3450.95,7,4,1
2006,L,4055.49,7,4,2
2006,H,116.25,7,4,3
2007,G,4907.09,7,4,1
2007,L,5707.39,7,4,2
2007,H,164.71,7,4,3
2008,G,5767.77,7,4,1
2008,L,5445.98,7,4,2
2008,H,73.02,7,4,3
2009,G,3788.71,7,4,1
2009,L,3845.51,7,4,2
2009,H,24.36,7,4,3
2010,G,4043.07,7,4,1
2010,L,3613.53,7,4,2
2010,H,22.86,7,4,3
2011,G,5209.77,7,4,1
2011,L,4243.25,7,4,2
2011,H,28.53,7,4,3
1995,G,372284.13,8,4,1
1995,L,40345.10,8,4,2
1995,H,11998.82,8,4,3
1996,G,367193.18,8,4,1
1996,L,40457.65,8,4,2
1996,H,13087.39,8,4,3
1997,G,345191.84,8,4,1
1997,L,40406.72,8,4,2
1997,H,14617.83,8,4,3
1998,G,367743.73,8,4,1
1998,L,42677.88,8,4,2
1998,H,16331.96,8,4,3
1999,G,371470.03,8,4,1
1999,L,44449.45,8,4,2
1999,H,17847.91,8,4,3
2000,G,387267.42,8,4,1
2000,L,46371.77,8,4,2
2000,H,19945.60,8,4,3
2001,G,386259.77,8,4,1
2001,L,47231.99,8,4,2
2001,H,23091.20,8,4,3
2002,G,392842.79,8,4,1
2002,L,47726.39,8,4,2
2002,H,23462.12,8,4,3
2003,G,479042.92,8,4,1
2003,L,59533.33,8,4,2
2003,H,29948.91,8,4,3
2004,G,560173.69,8,4,1
2004,L,70036.59,8,4,2
2004,H,32185.96,8,4,3
2005,G,612675.43,8,4,1
2005,L,77971.23,8,4,2
2005,H,33573.71,8,4,3
2006,G,712427.11,8,4,1
2006,L,85600.72,8,4,2
2006,H,34629.71,8,4,3
2007,G,817622.37,8,4,1
2007,L,99177.86,8,4,2
2007,H,43260.95,8,4,3
2008,G,935883.10,8,4,1
2008,L,109273.27,8,4,2
2008,H,46434.70,8,4,3
2009,G,682299.04,8,4,1
2009,L,83695.76,8,4,2
2009,H,43297.81,8,4,3
2010,G,750522.33,8,4,1
2010,L,72973.71,8,4,2
2010,H,39909.10,8,4,3
2011,G,887710.58,8,4,1
2011,L,77859.81,8,4,2
2011,H,45030.04,8,4,3
1995,G,23223.03,9,4,1
1995,L,6505.25,9,4,2
1995,H,3515.40,9,4,3
1996,G,24156.85,9,4,1
1996,L,7169.67,9,4,2
1996,H,4144.52,9,4,3
1997,G,28197.67,9,4,1
1997,L,6830.26,9,4,2
1997,H,3788.96,9,4,3
1998,G,28462.94,9,4,1
1998,L,6174.63,9,4,2
1998,H,3800.22,9,4,3
1999,G,30333.58,9,4,1
1999,L,5673.28,9,4,2
1999,H,4592.17,9,4,3
2000,G,34258.30,9,4,1
2000,L,5841.16,9,4,2
2000,H,5081.47,9,4,3
2001,G,29784.22,9,4,1
2001,L,6788.57,9,4,2
2001,H,5007.91,9,4,3
2002,G,26479.64,9,4,1
2002,L,6297.04,9,4,2
2002,H,4890.12,9,4,3
2003,G,34483.76,9,4,1
2003,L,5929.30,9,4,2
2003,H,4651.48,9,4,3
2004,G,38822.41,9,4,1
2004,L,6330.03,9,4,2
2004,H,5309.31,9,4,3
2005,G,39719.33,9,4,1
2005,L,6814.39,9,4,2
2005,H,6197.44,9,4,3
2006,G,46694.03,9,4,1
2006,L,8762.02,9,4,2
2006,H,5957.03,9,4,3
2007,G,51834.17,9,4,1
2007,L,8701.82,9,4,2
2007,H,7013.84,9,4,3
2008,G,55053.46,9,4,1
2008,L,8310.27,9,4,2
2008,H,6364.34,9,4,3
2009,G,43206.65,9,4,1
2009,L,7055.93,9,4,2
2009,H,6650.93,9,4,3
2010,G,46679.29,9,4,1
2010,L,12579.96,9,4,2
2010,H,10149.59,9,4,3
2011,G,55064.11,9,4,1
2011,L,13292.04,9,4,2
2011,H,11146.38,9,4,3
1995,G,445.44,1,5,1
1995,L,98.38,1,5,2
1995,H,43.15,1,5,3
1996,G,691.54,1,5,1
1996,L,177.35,1,5,2
1996,H,55.11,1,5,3
1997,G,945.42,1,5,1
1997,L,176.68,1,5,2
1997,H,34.66,1,5,3
1998,G,1058.55,1,5,1
1998,L,205.00,1,5,2
1998,H,32.37,1,5,3
1999,G,746.43,1,5,1
1999,L,118.56,1,5,2
1999,H,43.37,1,5,3
2000,G,588.12,1,5,1
2000,L,137.35,1,5,2
2000,H,10.83,1,5,3
2001,G,864.45,1,5,1
2001,L,97.49,1,5,2
2001,H,16.20,1,5,3
2002,G,1098.58,1,5,1
2002,L,93.47,1,5,2
2002,H,44.37,1,5,3
2003,G,2098.98,1,5,1
2003,L,92.18,1,5,2
2003,H,35.94,1,5,3
2004,G,3704.72,1,5,1
2004,L,162.23,1,5,2
2004,H,46.56,1,5,3
2005,G,4081.80,1,5,1
2005,L,429.30,1,5,2
2005,H,65.12,1,5,3
2006,G,5614.84,1,5,1
2006,L,1227.53,1,5,2
2006,H,141.39,1,5,3
2007,G,6392.54,1,5,1
2007,L,2039.68,1,5,2
2007,H,48.38,1,5,3
2008,G,4461.29,1,5,1
2008,L,1371.55,1,5,2
2008,H,45.88,1,5,3
2009,G,7502.48,1,5,1
2009,L,1356.44,1,5,2
2009,H,156.57,1,5,3
2010,G,6192.93,1,5,1
2010,L,1164.29,1,5,2
2010,H,242.59,1,5,3
2011,G,5578.53,1,5,1
2011,L,1234.09,1,5,2
2011,H,264.19,1,5,3
1995,G,314.71,2,5,1
1995,L,0.13,2,5,2
1995,H,0.01,2,5,3
1996,G,136.49,2,5,1
1996,L,0.09,2,5,2
1996,H,0.02,2,5,3
1997,G,275.73,2,5,1
1997,L,0.11,2,5,2
1997,H,0.01,2,5,3
1998,G,198.87,2,5,1
1998,L,0.12,2,5,2
1998,H,0.01,2,5,3
1999,G,275.92,2,5,1
1999,L,0.20,2,5,2
1999,H,0.01,2,5,3
2000,G,151.27,2,5,1
2000,L,0.10,2,5,2
2000,H,0.00,2,5,3
2001,G,216.21,2,5,1
2001,L,0.13,2,5,2
2001,H,0.01,2,5,3
2002,G,310.09,2,5,1
2002,L,0.13,2,5,2
2002,H,0.01,2,5,3
2003,G,221.40,2,5,1
2003,L,0.27,2,5,2
2003,H,0.00,2,5,3
2004,G,545.17,2,5,1
2004,L,0.26,2,5,2
2004,H,0.01,2,5,3
2005,G,711.89,2,5,1
2005,L,0.31,2,5,2
2005,H,0.01,2,5,3
2006,G,706.14,2,5,1
2006,L,0.16,2,5,2
2006,H,0.01,2,5,3
2007,G,633.49,2,5,1
2007,L,0.16,2,5,2
2007,H,0.01,2,5,3
2008,G,557.61,2,5,1
2008,L,0.19,2,5,2
2008,H,0.01,2,5,3
2009,G,1574.62,2,5,1
2009,L,0.41,2,5,2
2009,H,0.01,2,5,3
2010,G,1347.44,2,5,1
2010,L,0.32,2,5,2
2010,H,0.02,2,5,3
2011,G,1414.49,2,5,1
2011,L,0.25,2,5,2
2011,H,0.02,2,5,3
1995,G,1279.21,3,5,1
1995,L,398.59,3,5,2
1995,H,1.27,3,5,3
1996,G,1362.24,3,5,1
1996,L,371.97,3,5,2
1996,H,1.08,3,5,3
1997,G,1971.45,3,5,1
1997,L,375.65,3,5,2
1997,H,0.95,3,5,3
1998,G,1984.16,3,5,1
1998,L,425.20,3,5,2
1998,H,7.78,3,5,3
1999,G,2806.35,3,5,1
1999,L,403.24,3,5,2
1999,H,8.81,3,5,3
2000,G,3287.25,3,5,1
2000,L,270.41,3,5,2
2000,H,10.63,3,5,3
2001,G,3330.29,3,5,1
2001,L,368.45,3,5,2
2001,H,13.74,3,5,3
2002,G,4279.61,3,5,1
2002,L,262.72,3,5,2
2002,H,28.78,3,5,3
2003,G,5867.80,3,5,1
2003,L,170.09,3,5,2
2003,H,32.21,3,5,3
2004,G,8694.25,3,5,1
2004,L,358.68,3,5,2
2004,H,113.96,3,5,3
2005,G,14367.91,3,5,1
2005,L,614.12,3,5,2
2005,H,168.95,3,5,3
2006,G,23536.79,3,5,1
2006,L,1006.20,3,5,2
2006,H,406.05,3,5,3
2007,G,34408.58,3,5,1
2007,L,1059.95,3,5,2
2007,H,394.98,3,5,3
2008,G,39825.87,3,5,1
2008,L,1505.06,3,5,2
2008,H,506.68,3,5,3
2009,G,44212.33,3,5,1
2009,L,1305.49,3,5,2
2009,H,342.30,3,5,3
2010,G,58240.94,3,5,1
2010,L,1529.83,3,5,2
2010,H,496.86,3,5,3
2011,G,75110.57,3,5,1
2011,L,1805.84,3,5,2
2011,H,593.35,3,5,3
1995,G,3331.42,4,5,1
1995,L,1047.48,4,5,2
1995,H,61.77,4,5,3
1996,G,3306.32,4,5,1
1996,L,1015.05,4,5,2
1996,H,88.94,4,5,3
1997,G,3079.98,4,5,1
1997,L,734.89,4,5,2
1997,H,97.06,4,5,3
1998,G,2830.59,4,5,1
1998,L,756.28,4,5,2
1998,H,131.85,4,5,3
1999,G,2432.66,4,5,1
1999,L,225.21,4,5,2
1999,H,116.82,4,5,3
2000,G,2302.55,4,5,1
2000,L,193.91,4,5,2
2000,H,115.41,4,5,3
2001,G,2338.44,4,5,1
2001,L,163.20,4,5,2
2001,H,69.82,4,5,3
2002,G,2703.06,4,5,1
2002,L,208.05,4,5,2
2002,H,130.62,4,5,3
2003,G,3211.22,4,5,1
2003,L,156.42,4,5,2
2003,H,145.14,4,5,3
2004,G,4141.52,4,5,1
2004,L,183.92,4,5,2
2004,H,403.06,4,5,3
2005,G,5440.96,4,5,1
2005,L,203.18,4,5,2
2005,H,641.95,4,5,3
2006,G,9209.68,4,5,1
2006,L,353.12,4,5,2
2006,H,1709.56,4,5,3
2007,G,10840.64,4,5,1
2007,L,402.52,4,5,2
2007,H,2163.03,4,5,3
2008,G,10056.51,4,5,1
2008,L,251.12,4,5,2
2008,H,1318.61,4,5,3
2009,G,8383.45,4,5,1
2009,L,199.85,4,5,2
2009,H,820.69,4,5,3
2010,G,8122.27,4,5,1
2010,L,124.82,4,5,2
2010,H,682.25,4,5,3
2011,G,10695.02,4,5,1
2011,L,142.54,4,5,2
2011,H,717.49,4,5,3
1995,G,434182.77,5,5,1
1995,L,198179.71,5,5,2
1995,H,52833.78,5,5,3
1996,G,444347.57,5,5,1
1996,L,207903.33,5,5,2
1996,H,57543.57,5,5,3
1997,G,482067.38,5,5,1
1997,L,230600.20,5,5,2
1997,H,68811.88,5,5,3
1998,G,467396.33,5,5,1
1998,L,234354.40,5,5,2
1998,H,75789.19,5,5,3
1999,G,475721.11,5,5,1
1999,L,251011.16,5,5,2
1999,H,84290.22,5,5,3
2000,G,487617.81,5,5,1
2000,L,262250.60,5,5,2
2000,H,84834.92,5,5,3
2001,G,497098.29,5,5,1
2001,L,273366.31,5,5,2
2001,H,88075.97,5,5,3
2002,G,520227.52,5,5,1
2002,L,293201.72,5,5,2
2002,H,91377.30,5,5,3
2003,G,628115.64,5,5,1
2003,L,340201.31,5,5,2
2003,H,102561.65,5,5,3
2004,G,741314.44,5,5,1
2004,L,394487.22,5,5,2
2004,H,111992.40,5,5,3
2005,G,859753.57,5,5,1
2005,L,461573.35,5,5,2
2005,H,131474.98,5,5,3
2006,G,994837.44,5,5,1
2006,L,513797.78,5,5,2
2006,H,146292.45,5,5,3
2007,G,1267059.30,5,5,1
2007,L,641968.96,5,5,2
2007,H,189074.27,5,5,3
2008,G,1354448.10,5,5,1
2008,L,709752.65,5,5,2
2008,H,220099.19,5,5,3
2009,G,1375933.30,5,5,1
2009,L,746859.02,5,5,2
2009,H,240572.12,5,5,3
2010,G,1684825.10,5,5,1
2010,L,915480.75,5,5,2
2010,H,293377.71,5,5,3
2011,G,1849077.50,5,5,1
2011,L,1068039.00,5,5,2
2011,H,354559.53,5,5,3
1995,G,2064.56,6,5,1
1995,L,1924.01,6,5,2
1995,H,8.19,6,5,3
1996,G,2159.67,6,5,1
1996,L,348.18,6,5,2
1996,H,14.76,6,5,3
1997,G,2165.89,6,5,1
1997,L,645.71,6,5,2
1997,H,10.80,6,5,3
1998,G,2556.21,6,5,1
1998,L,412.49,6,5,2
1998,H,8.06,6,5,3
1999,G,2342.42,6,5,1
1999,L,236.31,6,5,2
1999,H,5.61,6,5,3
2000,G,2302.30,6,5,1
2000,L,208.02,6,5,2
2000,H,12.78,6,5,3
2001,G,1655.72,6,5,1
2001,L,134.37,6,5,2
2001,H,8.79,6,5,3
2002,G,2199.69,6,5,1
2002,L,133.08,6,5,2
2002,H,11.11,6,5,3
2003,G,1877.95,6,5,1
2003,L,94.64,6,5,2
2003,H,11.31,6,5,3
2004,G,2443.36,6,5,1
2004,L,179.94,6,5,2
2004,H,39.08,6,5,3
2005,G,2609.16,6,5,1
2005,L,276.55,6,5,2
2005,H,37.39,6,5,3
2006,G,4309.50,6,5,1
2006,L,450.08,6,5,2
2006,H,82.52,6,5,3
2007,G,4938.68,6,5,1
2007,L,496.65,6,5,2
2007,H,183.68,6,5,3
2008,G,4296.55,6,5,1
2008,L,321.74,6,5,2
2008,H,123.06,6,5,3
2009,G,3551.12,6,5,1
2009,L,267.83,6,5,2
2009,H,39.28,6,5,3
2010,G,4236.30,6,5,1
2010,L,311.17,6,5,2
2010,H,51.87,6,5,3
2011,G,6800.09,6,5,1
2011,L,336.66,6,5,2
2011,H,57.31,6,5,3
1995,G,37.52,7,5,1
1995,L,0.03,7,5,2
1995,H,0.01,7,5,3
1996,G,30.23,7,5,1
1996,L,0.05,7,5,2
1996,H,0.01,7,5,3
1997,G,56.86,7,5,1
1997,L,0.20,7,5,2
1997,H,0.03,7,5,3
1998,G,67.70,7,5,1
1998,L,0.13,7,5,2
1998,H,0.04,7,5,3
1999,G,83.02,7,5,1
1999,L,0.09,7,5,2
1999,H,0.03,7,5,3
2000,G,68.21,7,5,1
2000,L,0.14,7,5,2
2000,H,0.04,7,5,3
2001,G,47.70,7,5,1
2001,L,0.14,7,5,2
2001,H,0.03,7,5,3
2002,G,48.71,7,5,1
2002,L,0.27,7,5,2
2002,H,0.07,7,5,3
2003,G,49.95,7,5,1
2003,L,0.19,7,5,2
2003,H,0.05,7,5,3
2004,G,51.09,7,5,1
2004,L,0.19,7,5,2
2004,H,0.06,7,5,3
2005,G,54.62,7,5,1
2005,L,0.25,7,5,2
2005,H,0.07,7,5,3
2006,G,342.18,7,5,1
2006,L,0.45,7,5,2
2006,H,0.12,7,5,3
2007,G,801.67,7,5,1
2007,L,0.64,7,5,2
2007,H,0.19,7,5,3
2008,G,858.63,7,5,1
2008,L,0.72,7,5,2
2008,H,0.30,7,5,3
2009,G,435.40,7,5,1
2009,L,1.01,7,5,2
2009,H,0.29,7,5,3
2010,G,395.87,7,5,1
2010,L,1.30,7,5,2
2010,H,0.30,7,5,3
2011,G,808.42,7,5,1
2011,L,1.73,7,5,2
2011,H,0.31,7,5,3
1995,G,24722.63,8,5,1
1995,L,3972.84,8,5,2
1995,H,515.69,8,5,3
1996,G,27638.79,8,5,1
1996,L,4213.23,8,5,2
1996,H,601.82,8,5,3
1997,G,29027.79,8,5,1
1997,L,4271.58,8,5,2
1997,H,627.29,8,5,3
1998,G,31953.04,8,5,1
1998,L,5079.84,8,5,2
1998,H,776.79,8,5,3
1999,G,40917.83,8,5,1
1999,L,3144.11,8,5,2
1999,H,753.57,8,5,3
2000,G,48646.39,8,5,1
2000,L,3216.48,8,5,2
2000,H,892.93,8,5,3
2001,G,48020.48,8,5,1
2001,L,2365.54,8,5,2
2001,H,951.74,8,5,3
2002,G,53491.11,8,5,1
2002,L,3016.75,8,5,2
2002,H,984.91,8,5,3
2003,G,59909.20,8,5,1
2003,L,2512.73,8,5,2
2003,H,1215.19,8,5,3
2004,G,90460.89,8,5,1
2004,L,3560.71,8,5,2
2004,H,2323.78,8,5,3
2005,G,120142.71,8,5,1
2005,L,4211.30,8,5,2
2005,H,3478.77,8,5,3
2006,G,130707.09,8,5,1
2006,L,7485.23,8,5,2
2006,H,6264.13,8,5,3
2007,G,163091.34,8,5,1
2007,L,9175.11,8,5,2
2007,H,7858.79,8,5,3
2008,G,187486.30,8,5,1
2008,L,9010.85,8,5,2
2008,H,6331.70,8,5,3
2009,G,161952.55,8,5,1
2009,L,6599.32,8,5,2
2009,H,5084.77,8,5,3
2010,G,216004.97,8,5,1
2010,L,8181.20,8,5,2
2010,H,4839.91,8,5,3
2011,G,223402.67,8,5,1
2011,L,8822.80,8,5,2
2011,H,5360.51,8,5,3
1995,G,3223.74,9,5,1
1995,L,154.32,9,5,2
1995,H,97.03,9,5,3
1996,G,3346.34,9,5,1
1996,L,256.25,9,5,2
1996,H,115.86,9,5,3
1997,G,4006.39,9,5,1
1997,L,409.30,9,5,2
1997,H,118.36,9,5,3
1998,G,3889.49,9,5,1
1998,L,451.37,9,5,2
1998,H,145.86,9,5,3
1999,G,4751.49,9,5,1
1999,L,213.63,9,5,2
1999,H,133.59,9,5,3
2000,G,3901.29,9,5,1
2000,L,260.13,9,5,2
2000,H,165.63,9,5,3
2001,G,4548.84,9,5,1
2001,L,332.77,9,5,2
2001,H,141.53,9,5,3
2002,G,5330.50,9,5,1
2002,L,275.88,9,5,2
2002,H,232.03,9,5,3
2003,G,8071.11,9,5,1
2003,L,147.02,9,5,2
2003,H,735.94,9,5,3
2004,G,9658.48,9,5,1
2004,L,197.23,9,5,2
2004,H,853.39,9,5,3
2005,G,11006.81,9,5,1
2005,L,208.86,9,5,2
2005,H,1170.14,9,5,3
2006,G,17302.61,9,5,1
2006,L,587.16,9,5,2
2006,H,1932.66,9,5,3
2007,G,20257.15,9,5,1
2007,L,796.40,9,5,2
2007,H,2366.20,9,5,3
2008,G,24620.61,9,5,1
2008,L,640.61,9,5,2
2008,H,1255.26,9,5,3
2009,G,22722.74,9,5,1
2009,L,395.91,9,5,2
2009,H,1069.47,9,5,3
2010,G,25381.44,9,5,1
2010,L,662.65,9,5,2
2010,H,2551.92,9,5,3
2011,G,30376.68,9,5,1
2011,L,690.76,9,5,2
2011,H,2578.56,9,5,3
1995,G,12847.45,1,6,1
1995,L,603.70,1,6,2
1995,H,301.08,1,6,3
1996,G,16000.84,1,6,1
1996,L,727.56,1,6,2
1996,H,255.14,1,6,3
1997,G,17045.74,1,6,1
1997,L,761.03,1,6,2
1997,H,176.57,1,6,3
1998,G,12845.68,1,6,1
1998,L,739.52,1,6,2
1998,H,166.05,1,6,3
1999,G,14167.55,1,6,1
1999,L,784.24,1,6,2
1999,H,96.76,1,6,3
2000,G,16915.53,1,6,1
2000,L,1349.78,1,6,2
2000,H,138.14,1,6,3
2001,G,13589.69,1,6,1
2001,L,1507.16,1,6,2
2001,H,55.69,1,6,3
2002,G,11991.03,1,6,1
2002,L,1331.62,1,6,2
2002,H,65.69,1,6,3
2003,G,13381.21,1,6,1
2003,L,1483.12,1,6,2
2003,H,135.18,1,6,3
2004,G,16792.72,1,6,1
2004,L,2050.76,1,6,2
2004,H,44.92,1,6,3
2005,G,21502.69,1,6,1
2005,L,1827.73,1,6,2
2005,H,53.06,1,6,3
2006,G,22976.18,1,6,1
2006,L,1652.07,1,6,2
2006,H,63.48,1,6,3
2007,G,27892.29,1,6,1
2007,L,1850.69,1,6,2
2007,H,83.03,1,6,3
2008,G,37018.74,1,6,1
2008,L,1648.47,1,6,2
2008,H,173.79,1,6,3
2009,G,24959.77,1,6,1
2009,L,2424.40,1,6,2
2009,H,460.73,1,6,3
2010,G,38999.95,1,6,1
2010,L,3111.34,1,6,2
2010,H,457.30,1,6,3
2011,G,49845.62,1,6,1
2011,L,3920.40,1,6,2
2011,H,601.20,1,6,3
1995,G,3577.22,2,6,1
1995,L,170.05,2,6,2
1995,H,137.08,2,6,3
1996,G,3104.57,2,6,1
1996,L,105.35,2,6,2
1996,H,58.57,2,6,3
1997,G,3272.76,2,6,1
1997,L,105.31,2,6,2
1997,H,54.36,2,6,3
1998,G,2388.11,2,6,1
1998,L,89.55,2,6,2
1998,H,46.14,2,6,3
1999,G,2197.93,2,6,1
1999,L,67.63,2,6,2
1999,H,38.27,2,6,3
2000,G,2434.86,2,6,1
2000,L,89.37,2,6,2
2000,H,40.48,2,6,3
2001,G,2012.99,2,6,1
2001,L,104.41,2,6,2
2001,H,48.41,2,6,3
2002,G,2525.35,2,6,1
2002,L,70.90,2,6,2
2002,H,66.62,2,6,3
2003,G,2281.72,2,6,1
2003,L,113.11,2,6,2
2003,H,56.57,2,6,3
2004,G,2768.13,2,6,1
2004,L,60.16,2,6,2
2004,H,35.40,2,6,3
2005,G,3215.93,2,6,1
2005,L,46.40,2,6,2
2005,H,35.16,2,6,3
2006,G,3519.27,2,6,1
2006,L,29.36,2,6,2
2006,H,21.27,2,6,3
2007,G,3886.79,2,6,1
2007,L,40.22,2,6,2
2007,H,29.66,2,6,3
2008,G,5198.06,2,6,1
2008,L,85.99,2,6,2
2008,H,83.11,2,6,3
2009,G,4169.66,2,6,1
2009,L,43.81,2,6,2
2009,H,92.57,2,6,3
2010,G,5779.81,2,6,1
2010,L,76.76,2,6,2
2010,H,52.72,2,6,3
2011,G,8055.89,2,6,1
2011,L,94.77,2,6,2
2011,H,65.76,2,6,3
1995,G,28707.19,3,6,1
1995,L,1626.27,3,6,2
1995,H,137.59,3,6,3
1996,G,29588.20,3,6,1
1996,L,1475.44,3,6,2
1996,H,101.87,3,6,3
1997,G,31823.83,3,6,1
1997,L,2682.14,3,6,2
1997,H,80.19,3,6,3
1998,G,27862.24,3,6,1
1998,L,2205.19,3,6,2
1998,H,316.88,3,6,3
1999,G,29206.87,3,6,1
1999,L,6073.64,3,6,2
1999,H,243.69,3,6,3
2000,G,37021.60,3,6,1
2000,L,1902.25,3,6,2
2000,H,435.75,3,6,3
2001,G,38863.40,3,6,1
2001,L,3455.48,3,6,2
2001,H,269.70,3,6,3
2002,G,41589.10,3,6,1
2002,L,3358.57,3,6,2
2002,H,349.33,3,6,3
2003,G,53829.86,3,6,1
2003,L,3819.38,3,6,2
2003,H,1120.35,3,6,3
2004,G,69265.48,3,6,1
2004,L,5097.00,3,6,2
2004,H,997.94,3,6,3
2005,G,82362.13,3,6,1
2005,L,6191.71,3,6,2
2005,H,1380.65,3,6,3
2006,G,92096.13,3,6,1
2006,L,7756.85,3,6,2
2006,H,2041.29,3,6,3
2007,G,101676.26,3,6,1
2007,L,7979.00,3,6,2
2007,H,2250.18,3,6,3
2008,G,112817.12,3,6,1
2008,L,9542.05,3,6,2
2008,H,3460.40,3,6,3
2009,G,98220.29,3,6,1
2009,L,19018.01,3,6,2
2009,H,2565.67,3,6,3
2010,G,125042.99,3,6,1
2010,L,16922.75,3,6,2
2010,H,3303.52,3,6,3
2011,G,157144.63,3,6,1
2011,L,21697.96,3,6,2
2011,H,4677.63,3,6,3
1995,G,13876.05,4,6,1
1995,L,1165.41,4,6,2
1995,H,743.21,4,6,3
1996,G,13862.16,4,6,1
1996,L,1440.69,4,6,2
1996,H,617.85,4,6,3
1997,G,12596.93,4,6,1
1997,L,738.57,4,6,2
1997,H,376.29,4,6,3
1998,G,10986.13,4,6,1
1998,L,658.19,4,6,2
1998,H,327.90,4,6,3
1999,G,11818.68,4,6,1
1999,L,594.24,4,6,2
1999,H,328.76,4,6,3
2000,G,13031.92,4,6,1
2000,L,743.03,4,6,2
2000,H,344.98,4,6,3
2001,G,12792.22,4,6,1
2001,L,1003.45,4,6,2
2001,H,275.19,4,6,3
2002,G,12779.65,4,6,1
2002,L,688.52,4,6,2
2002,H,291.19,4,6,3
2003,G,15118.93,4,6,1
2003,L,649.14,4,6,2
2003,H,588.72,4,6,3
2004,G,17824.70,4,6,1
2004,L,918.43,4,6,2
2004,H,1172.30,4,6,3
2005,G,18868.82,4,6,1
2005,L,1248.25,4,6,2
2005,H,801.89,4,6,3
2006,G,20049.83,4,6,1
2006,L,1657.50,4,6,2
2006,H,1205.73,4,6,3
2007,G,19686.01,4,6,1
2007,L,1721.09,4,6,2
2007,H,1508.10,4,6,3
2008,G,20509.26,4,6,1
2008,L,2406.79,4,6,2
2008,H,1991.08,4,6,3
2009,G,16272.79,4,6,1
2009,L,1013.76,4,6,2
2009,H,1420.26,4,6,3
2010,G,17644.71,4,6,1
2010,L,428.49,4,6,2
2010,H,799.65,4,6,3
2011,G,21121.41,4,6,1
2011,L,477.11,4,6,2
2011,H,914.01,4,6,3
1995,G,5227.17,5,6,1
1995,L,981.17,5,6,2
1995,H,33.02,5,6,3
1996,G,2615.23,5,6,1
1996,L,361.88,5,6,2
1996,H,37.29,5,6,3
1997,G,2843.04,5,6,1
1997,L,616.37,5,6,2
1997,H,42.40,5,6,3
1998,G,2203.43,5,6,1
1998,L,335.05,5,6,2
1998,H,79.46,5,6,3
1999,G,2347.16,5,6,1
1999,L,450.78,5,6,2
1999,H,51.94,5,6,3
2000,G,3186.48,5,6,1
2000,L,488.81,5,6,2
2000,H,90.20,5,6,3
2001,G,2480.09,5,6,1
2001,L,498.80,5,6,2
2001,H,159.30,5,6,3
2002,G,2208.94,5,6,1
2002,L,534.53,5,6,2
2002,H,128.62,5,6,3
2003,G,1962.96,5,6,1
2003,L,542.78,5,6,2
2003,H,286.11,5,6,3
2004,G,2864.57,5,6,1
2004,L,756.26,5,6,2
2004,H,862.96,5,6,3
2005,G,3578.69,5,6,1
2005,L,828.27,5,6,2
2005,H,594.12,5,6,3
2006,G,4255.09,5,6,1
2006,L,932.74,5,6,2
2006,H,1492.25,5,6,3
2007,G,3989.05,5,6,1
2007,L,1107.60,5,6,2
2007,H,1698.93,5,6,3
2008,G,4053.80,5,6,1
2008,L,1148.73,5,6,2
2008,H,3404.36,5,6,3
2009,G,4521.46,5,6,1
2009,L,725.42,5,6,2
2009,H,1534.35,5,6,3
2010,G,5854.99,5,6,1
2010,L,1324.85,5,6,2
2010,H,1659.07,5,6,3
2011,G,6923.82,5,6,1
2011,L,1285.55,5,6,2
2011,H,1862.74,5,6,3
1995,G,4023254.40,6,6,1
1995,L,3793334.60,6,6,2
1995,H,1570851.10,6,6,3
1996,G,3500294.80,6,6,1
1996,L,3303103.20,6,6,2
1996,H,1393862.90,6,6,3
1997,G,3197302.40,6,6,1
1997,L,3033499.50,6,6,2
1997,H,1293796.80,6,6,3
1998,G,2751097.00,6,6,1
1998,L,2797928.90,6,6,2
1998,H,1207787.10,6,6,3
1999,G,3012092.10,6,6,1
1999,L,3213551.50,6,6,2
1999,H,1399442.20,6,6,3
2000,G,3231644.20,6,6,1
2000,L,3428948.90,6,6,2
2000,H,1516257.10,6,6,3
2001,G,2739976.30,6,6,1
2001,L,3060183.40,6,6,2
2001,H,1377813.30,6,6,3
2002,G,2516270.30,6,6,1
2002,L,2948989.40,6,6,2
2002,H,1345136.50,6,6,3
2003,G,2721384.40,6,6,1
2003,L,3163846.20,6,6,2
2003,H,1450079.00,6,6,3
2004,G,2993466.80,6,6,1
2004,L,3407475.90,6,6,2
2004,H,1553481.20,6,6,3
2005,G,3025640.00,6,6,1
2005,L,3377227.00,6,6,2
2005,H,1575381.30,6,6,3
2006,G,2952929.10,6,6,1
2006,L,3206986.50,6,6,2
2006,H,1513819.90,6,6,3
2007,G,3019470.00,6,6,1
2007,L,3178007.20,6,6,2
2007,H,1519655.40,6,6,3
2008,G,3451870.70,6,6,1
2008,L,3662637.20,6,6,2
2008,H,1720237.40,6,6,3
2009,G,3101018.40,6,6,1
2009,L,3774845.00,6,6,2
2009,H,1872344.10,6,6,3
2010,G,3541095.30,6,6,1
2010,L,4042167.30,6,6,2
2010,H,1992961.10,6,6,3
2011,G,3806540.20,6,6,1
2011,L,4438922.10,6,6,2
2011,H,2192463.90,6,6,3
1995,G,1075.81,7,6,1
1995,L,664.76,7,6,2
1995,H,109.68,7,6,3
1996,G,1489.54,7,6,1
1996,L,1328.46,7,6,2
1996,H,58.79,7,6,3
1997,G,1204.39,7,6,1
1997,L,1511.66,7,6,2
1997,H,40.65,7,6,3
1998,G,897.83,7,6,1
1998,L,1497.92,7,6,2
1998,H,83.02,7,6,3
1999,G,1181.04,7,6,1
1999,L,1018.94,7,6,2
1999,H,80.71,7,6,3
2000,G,1788.05,7,6,1
2000,L,2569.75,7,6,2
2000,H,35.88,7,6,3
2001,G,1466.38,7,6,1
2001,L,1990.89,7,6,2
2001,H,16.32,7,6,3
2002,G,1337.63,7,6,1
2002,L,1568.79,7,6,2
2002,H,14.47,7,6,3
2003,G,1249.21,7,6,1
2003,L,683.99,7,6,2
2003,H,17.85,7,6,3
2004,G,1409.74,7,6,1
2004,L,789.35,7,6,2
2004,H,67.15,7,6,3
2005,G,1531.35,7,6,1
2005,L,1546.88,7,6,2
2005,H,84.83,7,6,3
2006,G,1706.26,7,6,1
2006,L,1730.90,7,6,2
2006,H,90.69,7,6,3
2007,G,1916.43,7,6,1
2007,L,2291.74,7,6,2
2007,H,175.89,7,6,3
2008,G,2397.43,7,6,1
2008,L,3130.43,7,6,2
2008,H,61.75,7,6,3
2009,G,1537.06,7,6,1
2009,L,718.61,7,6,2
2009,H,12.15,7,6,3
2010,G,2019.18,7,6,1
2010,L,403.90,7,6,2
2010,H,4.87,7,6,3
2011,G,2640.89,7,6,1
2011,L,509.26,7,6,2
2011,H,6.40,7,6,3
1995,G,185061.19,8,6,1
1995,L,23597.01,8,6,2
1995,H,11161.62,8,6,3
1996,G,187039.86,8,6,1
1996,L,28704.22,8,6,2
1996,H,11925.41,8,6,3
1997,G,169914.83,8,6,1
1997,L,26172.43,8,6,2
1997,H,12033.90,8,6,3
1998,G,139955.68,8,6,1
1998,L,24663.68,8,6,2
1998,H,10911.63,8,6,3
1999,G,164247.79,8,6,1
1999,L,23205.58,8,6,2
1999,H,9952.07,8,6,3
2000,G,207045.78,8,6,1
2000,L,23878.17,8,6,2
2000,H,12222.01,8,6,3
2001,G,189040.61,8,6,1
2001,L,23010.79,8,6,2
2001,H,10938.57,8,6,3
2002,G,181136.96,8,6,1
2002,L,24701.85,8,6,2
2002,H,8763.31,8,6,3
2003,G,207302.26,8,6,1
2003,L,23509.54,8,6,2
2003,H,9374.53,8,6,3
2004,G,245959.29,8,6,1
2004,L,28028.08,8,6,2
2004,H,9689.88,8,6,3
2005,G,285446.99,8,6,1
2005,L,30669.49,8,6,2
2005,H,6661.31,8,6,3
2006,G,317098.99,8,6,1
2006,L,32604.75,8,6,2
2006,H,10955.16,8,6,3
2007,G,337421.55,8,6,1
2007,L,39628.49,8,6,2
2007,H,12727.17,8,6,3
2008,G,430556.49,8,6,1
2008,L,47801.45,8,6,2
2008,H,12908.52,8,6,3
2009,G,290866.22,8,6,1
2009,L,24881.43,8,6,2
2009,H,9574.28,8,6,3
2010,G,356202.42,8,6,1
2010,L,39683.52,8,6,2
2010,H,12924.32,8,6,3
2011,G,444937.32,8,6,1
2011,L,49479.02,8,6,2
2011,H,15720.32,8,6,3
1995,G,58944.31,9,6,1
1995,L,7619.44,9,6,2
1995,H,3081.55,9,6,3
1996,G,58782.88,9,6,1
1996,L,10072.48,9,6,2
1996,H,8504.01,9,6,3
1997,G,62418.34,9,6,1
1997,L,9634.93,9,6,2
1997,H,8146.88,9,6,3
1998,G,51767.57,9,6,1
1998,L,7787.39,9,6,2
1998,H,6973.69,9,6,3
1999,G,51664.16,9,6,1
1999,L,6030.60,9,6,2
1999,H,7128.66,9,6,3
2000,G,55300.74,9,6,1
2000,L,8034.46,9,6,2
2000,H,4767.22,9,6,3
2001,G,47728.07,9,6,1
2001,L,7538.42,9,6,2
2001,H,5304.87,9,6,3
2002,G,43097.51,9,6,1
2002,L,6485.92,9,6,2
2002,H,8017.79,9,6,3
2003,G,44734.51,9,6,1
2003,L,5732.62,9,6,2
2003,H,5702.59,9,6,3
2004,G,47702.83,9,6,1
2004,L,6386.62,9,6,2
2004,H,6175.31,9,6,3
2005,G,50146.13,9,6,1
2005,L,6495.28,9,6,2
2005,H,5615.35,9,6,3
2006,G,52631.77,9,6,1
2006,L,6904.58,9,6,2
2006,H,7839.50,9,6,3
2007,G,54331.51,9,6,1
2007,L,6809.83,9,6,2
2007,H,8422.13,9,6,3
2008,G,58423.27,9,6,1
2008,L,13162.71,9,6,2
2008,H,10856.18,9,6,3
2009,G,49668.06,9,6,1
2009,L,5728.03,9,6,2
2009,H,8640.02,9,6,3
2010,G,55604.54,9,6,1
2010,L,6747.83,9,6,2
2010,H,10500.04,9,6,3
2011,G,58778.71,9,6,1
2011,L,7588.87,9,6,2
2011,H,12287.88,9,6,3
1995,G,245.00,1,7,1
1995,L,4.01,1,7,2
1995,H,0.16,1,7,3
1996,G,246.95,1,7,1
1996,L,1.28,1,7,2
1996,H,0.22,1,7,3
1997,G,395.24,1,7,1
1997,L,4.57,1,7,2
1997,H,0.16,1,7,3
1998,G,401.59,1,7,1
1998,L,4.54,1,7,2
1998,H,0.13,1,7,3
1999,G,448.03,1,7,1
1999,L,6.24,1,7,2
1999,H,0.15,1,7,3
2000,G,402.41,1,7,1
2000,L,8.87,1,7,2
2000,H,0.13,1,7,3
2001,G,301.15,1,7,1
2001,L,12.91,1,7,2
2001,H,0.07,1,7,3
2002,G,295.39,1,7,1
2002,L,10.40,1,7,2
2002,H,0.05,1,7,3
2003,G,231.22,1,7,1
2003,L,12.71,1,7,2
2003,H,0.00,1,7,3
2004,G,286.70,1,7,1
2004,L,12.81,1,7,2
2004,H,0.00,1,7,3
2005,G,419.72,1,7,1
2005,L,22.09,1,7,2
2005,H,0.00,1,7,3
2006,G,484.15,1,7,1
2006,L,14.93,1,7,2
2006,H,0.00,1,7,3
2007,G,589.80,1,7,1
2007,L,21.11,1,7,2
2007,H,0.00,1,7,3
2008,G,882.85,1,7,1
2008,L,22.34,1,7,2
2008,H,0.00,1,7,3
2009,G,467.78,1,7,1
2009,L,25.72,1,7,2
2009,H,0.00,1,7,3
2010,G,695.62,1,7,1
2010,L,30.20,1,7,2
2010,H,0.00,1,7,3
2011,G,815.42,1,7,1
2011,L,34.59,1,7,2
2011,H,0.00,1,7,3
1995,G,676.17,2,7,1
1995,L,0.39,2,7,2
1995,H,0.04,2,7,3
1996,G,845.98,2,7,1
1996,L,0.49,2,7,2
1996,H,0.05,2,7,3
1997,G,1096.93,2,7,1
1997,L,0.61,2,7,2
1997,H,0.07,2,7,3
1998,G,1229.68,2,7,1
1998,L,0.65,2,7,2
1998,H,0.07,2,7,3
1999,G,1391.93,2,7,1
1999,L,0.68,2,7,2
1999,H,0.05,2,7,3
2000,G,2181.05,2,7,1
2000,L,0.76,2,7,2
2000,H,0.05,2,7,3
2001,G,2323.47,2,7,1
2001,L,1.43,2,7,2
2001,H,0.22,2,7,3
2002,G,2959.90,2,7,1
2002,L,1.84,2,7,2
2002,H,0.04,2,7,3
2003,G,3478.23,2,7,1
2003,L,2.01,2,7,2
2003,H,0.12,2,7,3
2004,G,4473.92,2,7,1
2004,L,1.96,2,7,2
2004,H,0.14,2,7,3
2005,G,5188.83,2,7,1
2005,L,2.52,2,7,2
2005,H,0.11,2,7,3
2006,G,5666.61,2,7,1
2006,L,2.94,2,7,2
2006,H,0.05,2,7,3
2007,G,5990.53,2,7,1
2007,L,3.86,2,7,2
2007,H,0.14,2,7,3
2008,G,5429.67,2,7,1
2008,L,1.96,2,7,2
2008,H,0.08,2,7,3
2009,G,3277.82,2,7,1
2009,L,1.52,2,7,2
2009,H,0.05,2,7,3
2010,G,4107.40,2,7,1
2010,L,1.75,2,7,2
2010,H,0.08,2,7,3
2011,G,4892.76,2,7,1
2011,L,2.07,2,7,2
2011,H,0.10,2,7,3
1995,G,538.69,3,7,1
1995,L,0.46,3,7,2
1995,H,0.00,3,7,3
1996,G,668.92,3,7,1
1996,L,0.44,3,7,2
1996,H,0.00,3,7,3
1997,G,1050.16,3,7,1
1997,L,0.90,3,7,2
1997,H,0.00,3,7,3
1998,G,1486.65,3,7,1
1998,L,1.25,3,7,2
1998,H,0.00,3,7,3
1999,G,1652.27,3,7,1
1999,L,1.04,3,7,2
1999,H,0.00,3,7,3
2000,G,2707.19,3,7,1
2000,L,1.48,3,7,2
2000,H,0.00,3,7,3
2001,G,3588.98,3,7,1
2001,L,1.32,3,7,2
2001,H,0.00,3,7,3
2002,G,5455.72,3,7,1
2002,L,2.15,3,7,2
2002,H,0.00,3,7,3
2003,G,8435.54,3,7,1
2003,L,3.08,3,7,2
2003,H,0.00,3,7,3
2004,G,12769.70,3,7,1
2004,L,6.94,3,7,2
2004,H,0.00,3,7,3
2005,G,16363.84,3,7,1
2005,L,9.01,3,7,2
2005,H,0.00,3,7,3
2006,G,22442.08,3,7,1
2006,L,10.10,3,7,2
2006,H,0.00,3,7,3
2007,G,26394.12,3,7,1
2007,L,12.01,3,7,2
2007,H,0.00,3,7,3
2008,G,30523.96,3,7,1
2008,L,14.00,3,7,2
2008,H,0.00,3,7,3
2009,G,26895.53,3,7,1
2009,L,13.32,3,7,2
2009,H,0.00,3,7,3
2010,G,38336.24,3,7,1
2010,L,16.08,3,7,2
2010,H,0.00,3,7,3
2011,G,48119.18,3,7,1
2011,L,26.07,3,7,2
2011,H,0.00,3,7,3
1995,G,2934.01,4,7,1
1995,L,135.53,4,7,2
1995,H,381.74,4,7,3
1996,G,3888.75,4,7,1
1996,L,180.23,4,7,2
1996,H,194.59,4,7,3
1997,G,4618.09,4,7,1
1997,L,110.95,4,7,2
1997,H,552.97,4,7,3
1998,G,5838.18,4,7,1
1998,L,101.69,4,7,2
1998,H,349.09,4,7,3
1999,G,6627.52,4,7,1
1999,L,113.85,4,7,2
1999,H,511.96,4,7,3
2000,G,7391.12,4,7,1
2000,L,113.81,4,7,2
2000,H,360.43,4,7,3
2001,G,7368.01,4,7,1
2001,L,115.95,4,7,2
2001,H,131.72,4,7,3
2002,G,7438.99,4,7,1
2002,L,151.77,4,7,2
2002,H,922.47,4,7,3
2003,G,7963.58,4,7,1
2003,L,140.80,4,7,2
2003,H,294.54,4,7,3
2004,G,8922.89,4,7,1
2004,L,180.10,4,7,2
2004,H,397.05,4,7,3
2005,G,10450.39,4,7,1
2005,L,253.73,4,7,2
2005,H,269.09,4,7,3
2006,G,11488.53,4,7,1
2006,L,205.41,4,7,2
2006,H,207.12,4,7,3
2007,G,13451.63,4,7,1
2007,L,232.43,4,7,2
2007,H,443.54,4,7,3
2008,G,15361.28,4,7,1
2008,L,267.72,4,7,2
2008,H,731.78,4,7,3
2009,G,11104.95,4,7,1
2009,L,310.88,4,7,2
2009,H,669.86,4,7,3
2010,G,12618.17,4,7,1
2010,L,334.94,4,7,2
2010,H,457.69,4,7,3
2011,G,14346.05,4,7,1
2011,L,370.19,4,7,2
2011,H,578.60,4,7,3
1995,G,175.01,5,7,1
1995,L,0.00,5,7,2
1995,H,0.00,5,7,3
1996,G,167.20,5,7,1
1996,L,0.00,5,7,2
1996,H,0.00,5,7,3
1997,G,276.92,5,7,1
1997,L,0.00,5,7,2
1997,H,0.00,5,7,3
1998,G,366.19,5,7,1
1998,L,0.00,5,7,2
1998,H,0.00,5,7,3
1999,G,408.34,5,7,1
1999,L,0.00,5,7,2
1999,H,0.00,5,7,3
2000,G,482.82,5,7,1
2000,L,0.01,5,7,2
2000,H,0.00,5,7,3
2001,G,530.91,5,7,1
2001,L,0.02,5,7,2
2001,H,0.00,5,7,3
2002,G,557.98,5,7,1
2002,L,0.02,5,7,2
2002,H,0.00,5,7,3
2003,G,510.67,5,7,1
2003,L,0.03,5,7,2
2003,H,0.00,5,7,3
2004,G,945.14,5,7,1
2004,L,0.05,5,7,2
2004,H,0.00,5,7,3
2005,G,1036.05,5,7,1
2005,L,0.06,5,7,2
2005,H,0.00,5,7,3
2006,G,1334.57,5,7,1
2006,L,0.08,5,7,2
2006,H,0.00,5,7,3
2007,G,1346.31,5,7,1
2007,L,0.08,5,7,2
2007,H,0.00,5,7,3
2008,G,1419.20,5,7,1
2008,L,0.09,5,7,2
2008,H,0.00,5,7,3
2009,G,1195.46,5,7,1
2009,L,0.09,5,7,2
2009,H,0.00,5,7,3
2010,G,2020.56,5,7,1
2010,L,0.15,5,7,2
2010,H,0.00,5,7,3
2011,G,3099.33,5,7,1
2011,L,0.22,5,7,2
2011,H,0.00,5,7,3
1995,G,3340.80,6,7,1
1995,L,40.90,6,7,2
1995,H,240.61,6,7,3
1996,G,3457.25,6,7,1
1996,L,42.10,6,7,2
1996,H,315.65,6,7,3
1997,G,4413.35,6,7,1
1997,L,39.06,6,7,2
1997,H,220.23,6,7,3
1998,G,4934.99,6,7,1
1998,L,38.19,6,7,2
1998,H,229.52,6,7,3
1999,G,5700.00,6,7,1
1999,L,33.83,6,7,2
1999,H,178.20,6,7,3
2000,G,6899.06,6,7,1
2000,L,41.10,6,7,2
2000,H,285.67,6,7,3
2001,G,7937.91,6,7,1
2001,L,42.34,6,7,2
2001,H,129.84,6,7,3
2002,G,8578.34,6,7,1
2002,L,45.32,6,7,2
2002,H,75.80,6,7,3
2003,G,7179.22,6,7,1
2003,L,39.80,6,7,2
2003,H,56.92,6,7,3
2004,G,9333.96,6,7,1
2004,L,41.17,6,7,2
2004,H,61.20,6,7,3
2005,G,11241.79,6,7,1
2005,L,46.41,6,7,2
2005,H,44.98,6,7,3
2006,G,12805.75,6,7,1
2006,L,34.15,6,7,2
2006,H,103.73,6,7,3
2007,G,13901.17,6,7,1
2007,L,31.02,6,7,2
2007,H,88.40,6,7,3
2008,G,13533.77,6,7,1
2008,L,26.65,6,7,2
2008,H,46.58,6,7,3
2009,G,8705.61,6,7,1
2009,L,20.52,6,7,2
2009,H,31.19,6,7,3
2010,G,12396.55,6,7,1
2010,L,34.33,6,7,2
2010,H,38.97,6,7,3
2011,G,13356.34,6,7,1
2011,L,42.81,6,7,2
2011,H,51.68,6,7,3
1995,G,227906.20,7,7,1
1995,L,179783.79,7,7,2
1995,H,73166.82,7,7,3
1996,G,267139.29,7,7,1
1996,L,204263.92,7,7,2
1996,H,70764.85,7,7,3
1997,G,314343.05,7,7,1
1997,L,253006.40,7,7,2
1997,H,82945.83,7,7,3
1998,G,330817.90,7,7,1
1998,L,262245.73,7,7,2
1998,H,90802.51,7,7,3
1999,G,364973.36,7,7,1
1999,L,299528.63,7,7,2
1999,H,106200.12,7,7,3
2000,G,426871.06,7,7,1
2000,L,365103.49,7,7,2
2000,H,124312.97,7,7,3
2001,G,437743.51,7,7,1
2001,L,395745.89,7,7,2
2001,H,141149.54,7,7,3
2002,G,441571.15,7,7,1
2002,L,411897.50,7,7,2
2002,H,161749.60,7,7,3
2003,G,418118.32,7,7,1
2003,L,405269.84,7,7,2
2003,H,160968.86,7,7,3
2004,G,462366.31,7,7,1
2004,L,433134.72,7,7,2
2004,H,170791.04,7,7,3
2005,G,526453.18,7,7,1
2005,L,482538.77,7,7,2
2005,H,195221.24,7,7,3
2006,G,597319.59,7,7,1
2006,L,537828.88,7,7,2
2006,H,214781.25,7,7,3
2007,G,643076.69,7,7,1
2007,L,580123.30,7,7,2
2007,H,235416.70,7,7,3
2008,G,714139.69,7,7,1
2008,L,626877.98,7,7,2
2008,H,254143.38,7,7,3
2009,G,531548.62,7,7,1
2009,L,505000.07,7,7,2
2009,H,216004.92,7,7,3
2010,G,604403.91,7,7,1
2010,L,601927.36,7,7,2
2010,H,242423.26,7,7,3
2011,G,682185.08,7,7,1
2011,L,665202.90,7,7,2
2011,H,263495.37,7,7,3
1995,G,11593.92,8,7,1
1995,L,660.33,8,7,2
1995,H,1438.98,8,7,3
1996,G,15017.69,8,7,1
1996,L,592.79,8,7,2
1996,H,1728.43,8,7,3
1997,G,17254.92,8,7,1
1997,L,708.91,8,7,2
1997,H,1503.83,8,7,3
1998,G,21432.61,8,7,1
1998,L,774.99,8,7,2
1998,H,1784.74,8,7,3
1999,G,26460.06,8,7,1
1999,L,940.90,8,7,2
1999,H,2004.19,8,7,3
2000,G,33011.63,8,7,1
2000,L,1103.46,8,7,2
2000,H,2733.58,8,7,3
2001,G,39567.09,8,7,1
2001,L,1208.86,8,7,2
2001,H,2999.88,8,7,3
2002,G,43208.55,8,7,1
2002,L,1238.12,8,7,2
2002,H,2325.67,8,7,3
2003,G,43918.15,8,7,1
2003,L,1368.60,8,7,2
2003,H,3114.62,8,7,3
2004,G,55097.75,8,7,1
2004,L,1398.98,8,7,2
2004,H,2376.31,8,7,3
2005,G,65276.89,8,7,1
2005,L,1395.94,8,7,2
2005,H,2539.78,8,7,3
2006,G,75019.53,8,7,1
2006,L,1417.16,8,7,2
2006,H,2177.92,8,7,3
2007,G,82390.93,8,7,1
2007,L,1617.87,8,7,2
2007,H,1935.35,8,7,3
2008,G,89341.14,8,7,1
2008,L,1618.20,8,7,2
2008,H,1447.03,8,7,3
2009,G,61130.99,8,7,1
2009,L,1613.29,8,7,2
2009,H,1644.28,8,7,3
2010,G,75790.02,8,7,1
2010,L,1750.36,8,7,2
2010,H,1668.60,8,7,3
2011,G,85006.98,8,7,1
2011,L,2059.74,8,7,2
2011,H,2074.23,8,7,3
1995,G,47408.10,9,7,1
1995,L,1653.91,9,7,2
1995,H,245.41,9,7,3
1996,G,60529.89,9,7,1
1996,L,1605.28,9,7,2
1996,H,289.27,9,7,3
1997,G,74300.19,9,7,1
1997,L,2057.50,9,7,2
1997,H,326.88,9,7,3
1998,G,83412.06,9,7,1
1998,L,1852.07,9,7,2
1998,H,316.94,9,7,3
1999,G,91886.77,9,7,1
1999,L,1918.93,9,7,2
1999,H,361.95,9,7,3
2000,G,112560.37,9,7,1
2000,L,2431.58,9,7,2
2000,H,401.77,9,7,3
2001,G,98844.86,9,7,1
2001,L,2185.98,9,7,2
2001,H,460.11,9,7,3
2002,G,92000.51,9,7,1
2002,L,2456.52,9,7,2
2002,H,543.95,9,7,3
2003,G,89977.77,9,7,1
2003,L,2580.37,9,7,2
2003,H,732.26,9,7,3
2004,G,94476.43,9,7,1
2004,L,3220.87,9,7,2
2004,H,1187.44,9,7,3
2005,G,100702.36,9,7,1
2005,L,3137.69,9,7,2
2005,H,1425.27,9,7,3
2006,G,111092.56,9,7,1
2006,L,3951.44,9,7,2
2006,H,1660.19,9,7,3
2007,G,122706.60,9,7,1
2007,L,4366.73,9,7,2
2007,H,2110.37,9,7,3
2008,G,126343.85,9,7,1
2008,L,5176.50,9,7,2
2008,H,2293.84,9,7,3
2009,G,96603.45,9,7,1
2009,L,4301.72,9,7,2
2009,H,3322.58,9,7,3
2010,G,125175.46,9,7,1
2010,L,5273.82,9,7,2
2010,H,3656.51,9,7,3
2011,G,156993.74,9,7,1
2011,L,6138.99,9,7,2
2011,H,4154.68,9,7,3
1995,G,34993.95,1,8,1
1995,L,8557.55,1,8,2
1995,H,4971.40,1,8,3
1996,G,36804.32,1,8,1
1996,L,9640.40,1,8,2
1996,H,5656.18,1,8,3
1997,G,35596.86,1,8,1
1997,L,9828.06,1,8,2
1997,H,5634.56,1,8,3
1998,G,29095.13,1,8,1
1998,L,8533.08,1,8,2
1998,H,4634.98,1,8,3
1999,G,33742.27,1,8,1
1999,L,11572.79,1,8,2
1999,H,5953.94,1,8,3
2000,G,35895.28,1,8,1
2000,L,11439.43,1,8,2
2000,H,5663.02,1,8,3
2001,G,34794.92,1,8,1
2001,L,9012.13,1,8,2
2001,H,5028.91,1,8,3
2002,G,36801.40,1,8,1
2002,L,10161.98,1,8,2
2002,H,4657.45,1,8,3
2003,G,38978.56,1,8,1
2003,L,13111.06,1,8,2
2003,H,6518.44,1,8,3
2004,G,49643.11,1,8,1
2004,L,15138.10,1,8,2
2004,H,6305.74,1,8,3
2005,G,61833.14,1,8,1
2005,L,16773.67,1,8,2
2005,H,7936.44,1,8,3
2006,G,66613.56,1,8,1
2006,L,15491.47,1,8,2
2006,H,7128.61,1,8,3
2007,G,77143.18,1,8,1
2007,L,18783.39,1,8,2
2007,H,8479.28,1,8,3
2008,G,95570.98,1,8,1
2008,L,22315.85,1,8,2
2008,H,10780.45,1,8,3
2009,G,71204.48,1,8,1
2009,L,15196.15,1,8,2
2009,H,8915.81,1,8,3
2010,G,92853.56,1,8,1
2010,L,16182.80,1,8,2
2010,H,10409.66,1,8,3
2011,G,100321.62,1,8,1
2011,L,18460.42,1,8,2
2011,H,12259.52,1,8,3
1995,G,30113.57,2,8,1
1995,L,3144.42,2,8,2
1995,H,1014.36,2,8,3
1996,G,30720.62,2,8,1
1996,L,3147.35,2,8,2
1996,H,965.78,2,8,3
1997,G,31838.88,2,8,1
1997,L,3562.53,2,8,2
1997,H,1070.74,2,8,3
1998,G,32737.57,2,8,1
1998,L,3660.18,2,8,2
1998,H,1053.47,2,8,3
1999,G,29527.22,2,8,1
1999,L,3515.21,2,8,2
1999,H,974.26,2,8,3
2000,G,32137.04,2,8,1
2000,L,3957.91,2,8,2
2000,H,1187.05,2,8,3
2001,G,34623.49,2,8,1
2001,L,4026.04,2,8,2
2001,H,1106.18,2,8,3
2002,G,36159.43,2,8,1
2002,L,3974.15,2,8,2
2002,H,1124.38,2,8,3
2003,G,41506.33,2,8,1
2003,L,5180.33,2,8,2
2003,H,1569.07,2,8,3
2004,G,56659.43,2,8,1
2004,L,6574.78,2,8,2
2004,H,1918.21,2,8,3
2005,G,71954.21,2,8,1
2005,L,7538.76,2,8,2
2005,H,2490.00,2,8,3
2006,G,85161.57,2,8,1
2006,L,9654.96,2,8,2
2006,H,3479.70,2,8,3
2007,G,100306.65,2,8,1
2007,L,11298.21,2,8,2
2007,H,4020.34,2,8,3
2008,G,124588.10,2,8,1
2008,L,14661.54,2,8,2
2008,H,5268.65,2,8,3
2009,G,94182.92,2,8,1
2009,L,13639.18,2,8,2
2009,H,5302.71,2,8,3
2010,G,121536.30,2,8,1
2010,L,20954.07,2,8,2
2010,H,8258.52,2,8,3
2011,G,147022.48,2,8,1
2011,L,24142.52,2,8,2
2011,H,9423.56,2,8,3
1995,G,63600.83,3,8,1
1995,L,13668.76,3,8,2
1995,H,653.36,3,8,3
1996,G,66727.23,3,8,1
1996,L,13003.57,3,8,2
1996,H,581.25,3,8,3
1997,G,72120.78,3,8,1
1997,L,26789.37,3,8,2
1997,H,529.78,3,8,3
1998,G,68913.98,3,8,1
1998,L,26063.02,3,8,2
1998,H,2659.25,3,8,3
1999,G,74348.88,3,8,1
1999,L,20868.71,3,8,2
1999,H,2946.58,3,8,3
2000,G,97757.88,3,8,1
2000,L,37609.34,3,8,2
2000,H,2929.35,3,8,3
2001,G,106781.43,3,8,1
2001,L,40995.89,3,8,2
2001,H,3445.74,3,8,3
2002,G,132108.19,3,8,1
2002,L,55576.86,3,8,2
2002,H,2824.69,3,8,3
2003,G,183693.59,3,8,1
2003,L,66517.56,3,8,2
2003,H,5994.33,3,8,3
2004,G,255338.74,3,8,1
2004,L,78560.03,3,8,2
2004,H,7937.27,3,8,3
2005,G,339692.74,3,8,1
2005,L,88556.55,3,8,2
2005,H,10828.26,3,8,3
2006,G,457763.06,3,8,1
2006,L,100872.66,3,8,2
2006,H,16223.26,3,8,3
2007,G,615787.46,3,8,1
2007,L,115076.46,3,8,2
2007,H,20786.14,3,8,3
2008,G,761065.76,3,8,1
2008,L,132296.77,3,8,2
2008,H,19635.60,3,8,3
2009,G,615842.11,3,8,1
2009,L,90889.94,3,8,2
2009,H,11811.99,3,8,3
2010,G,813540.42,3,8,1
2010,L,127471.54,3,8,2
2010,H,13589.83,3,8,3
2011,G,963396.22,3,8,1
2011,L,153347.88,3,8,2
2011,H,17801.09,3,8,3
1995,G,441659.49,4,8,1
1995,L,34083.37,4,8,2
1995,H,12019.34,4,8,3
1996,G,439962.57,4,8,1
1996,L,35652.96,4,8,2
1996,H,13649.67,4,8,3
1997,G,423835.60,4,8,1
1997,L,36265.50,4,8,2
1997,H,13622.74,4,8,3
1998,G,448472.48,4,8,1
1998,L,37508.79,4,8,2
1998,H,14913.57,4,8,3
1999,G,438423.92,4,8,1
1999,L,37546.40,4,8,2
1999,H,16767.69,4,8,3
2000,G,440195.07,4,8,1
2000,L,36979.76,4,8,2
2000,H,22154.51,4,8,3
2001,G,451102.42,4,8,1
2001,L,39058.05,4,8,2
2001,H,25178.72,4,8,3
2002,G,487722.89,4,8,1
2002,L,43527.25,4,8,2
2002,H,30797.85,4,8,3
2003,G,600879.13,4,8,1
2003,L,51946.41,4,8,2
2003,H,31139.65,4,8,3
2004,G,723609.69,4,8,1
2004,L,66604.67,4,8,2
2004,H,29708.16,4,8,3
2005,G,781748.51,4,8,1
2005,L,75491.47,4,8,2
2005,H,35122.91,4,8,3
2006,G,893270.48,4,8,1
2006,L,90651.79,4,8,2
2006,H,37325.32,4,8,3
2007,G,1093682.30,4,8,1
2007,L,104304.02,4,8,2
2007,H,52825.53,4,8,3
2008,G,1203542.50,4,8,1
2008,L,117512.46,4,8,2
2008,H,62064.50,4,8,3
2009,G,867873.95,4,8,1
2009,L,106787.25,4,8,2
2009,H,54294.15,4,8,3
2010,G,954740.33,4,8,1
2010,L,106876.19,4,8,2
2010,H,46594.99,4,8,3
2011,G,1110105.30,4,8,1
2011,L,112207.80,4,8,2
2011,H,49573.11,4,8,3
1995,G,18316.19,5,8,1
1995,L,3082.96,5,8,2
1995,H,350.56,5,8,3
1996,G,21690.11,5,8,1
1996,L,3724.92,5,8,2
1996,H,370.98,5,8,3
1997,G,20973.78,5,8,1
1997,L,3913.49,5,8,2
1997,H,441.01,5,8,3
1998,G,21430.99,5,8,1
1998,L,5079.72,5,8,2
1998,H,533.19,5,8,3
1999,G,25022.25,5,8,1
1999,L,3179.89,5,8,2
1999,H,754.88,5,8,3
2000,G,30035.29,5,8,1
2000,L,4338.72,5,8,2
2000,H,1351.84,5,8,3
2001,G,31125.19,5,8,1
2001,L,3381.90,5,8,2
2001,H,2184.72,5,8,3
2002,G,35312.72,5,8,1
2002,L,3307.85,5,8,2
2002,H,6094.38,5,8,3
2003,G,39001.36,5,8,1
2003,L,3792.70,5,8,2
2003,H,11089.74,5,8,3
2004,G,51835.31,5,8,1
2004,L,7423.90,5,8,2
2004,H,12788.92,5,8,3
2005,G,64886.92,5,8,1
2005,L,10596.66,5,8,2
2005,H,17428.27,5,8,3
2006,G,76617.51,5,8,1
2006,L,16038.18,5,8,2
2006,H,19493.04,5,8,3
2007,G,107139.87,5,8,1
2007,L,19603.15,5,8,2
2007,H,24040.55,5,8,3
2008,G,128143.91,5,8,1
2008,L,17219.73,5,8,2
2008,H,17284.09,5,8,3
2009,G,99449.81,5,8,1
2009,L,12289.50,5,8,2
2009,H,11124.70,5,8,3
2010,G,129467.19,5,8,1
2010,L,20322.08,5,8,2
2010,H,27894.60,5,8,3
2011,G,138333.38,5,8,1
2011,L,19484.81,5,8,2
2011,H,26632.07,5,8,3
1995,G,232566.69,6,8,1
1995,L,66197.45,6,8,2
1995,H,8614.83,6,8,3
1996,G,211406.86,6,8,1
1996,L,73702.95,6,8,2
1996,H,10867.49,6,8,3
1997,G,197085.91,6,8,1
1997,L,76278.73,6,8,2
1997,H,10087.34,6,8,3
1998,G,172402.85,6,8,1
1998,L,63672.20,6,8,2
1998,H,8295.39,6,8,3
1999,G,188778.59,6,8,1
1999,L,66893.22,6,8,2
1999,H,8017.08,6,8,3
2000,G,216058.31,6,8,1
2000,L,80695.04,6,8,2
2000,H,10828.78,6,8,3
2001,G,177986.62,6,8,1
2001,L,63990.27,6,8,2
2001,H,8706.85,6,8,3
2002,G,181891.55,6,8,1
2002,L,65972.56,6,8,2
2002,H,8123.59,6,8,3
2003,G,206805.92,6,8,1
2003,L,85313.97,6,8,2
2003,H,10041.17,6,8,3
2004,G,254308.64,6,8,1
2004,L,103936.27,6,8,2
2004,H,11737.91,6,8,3
2005,G,275421.69,6,8,1
2005,L,109533.65,6,8,2
2005,H,10295.11,6,8,3
2006,G,288194.37,6,8,1
2006,L,117282.27,6,8,2
2006,H,12152.94,6,8,3
2007,G,323879.16,6,8,1
2007,L,128689.14,6,8,2
2007,H,15771.90,6,8,3
2008,G,381767.39,6,8,1
2008,L,146115.33,6,8,2
2008,H,17855.50,6,8,3
2009,G,271620.25,6,8,1
2009,L,110024.06,6,8,2
2009,H,13272.23,6,8,3
2010,G,349699.80,6,8,1
2010,L,145845.25,6,8,2
2010,H,15049.93,6,8,3
2011,G,358399.34,6,8,1
2011,L,156418.36,6,8,2
2011,H,16352.99,6,8,3
1995,G,10481.44,7,8,1
1995,L,11485.99,7,8,2
1995,H,130.68,7,8,3
1996,G,12283.77,7,8,1
1996,L,13646.90,7,8,2
1996,H,164.20,7,8,3
1997,G,14953.04,7,8,1
1997,L,11154.65,7,8,2
1997,H,129.09,7,8,3
1998,G,14972.42,7,8,1
1998,L,15169.82,7,8,2
1998,H,263.18,7,8,3
1999,G,16937.53,7,8,1
1999,L,18602.44,7,8,2
1999,H,340.48,7,8,3
2000,G,19797.18,7,8,1
2000,L,22980.39,7,8,2
2000,H,479.41,7,8,3
2001,G,19468.14,7,8,1
2001,L,18945.55,7,8,2
2001,H,567.22,7,8,3
2002,G,19346.80,7,8,1
2002,L,16871.72,7,8,2
2002,H,195.77,7,8,3
2003,G,20637.24,7,8,1
2003,L,17516.99,7,8,2
2003,H,1078.16,7,8,3
2004,G,24972.11,7,8,1
2004,L,17986.71,7,8,2
2004,H,732.45,7,8,3
2005,G,30823.11,7,8,1
2005,L,24954.37,7,8,2
2005,H,1379.56,7,8,3
2006,G,35507.96,7,8,1
2006,L,23926.11,7,8,2
2006,H,988.79,7,8,3
2007,G,43229.96,7,8,1
2007,L,26071.95,7,8,2
2007,H,667.67,7,8,3
2008,G,44805.29,7,8,1
2008,L,23564.86,7,8,2
2008,H,855.65,7,8,3
2009,G,34015.31,7,8,1
2009,L,15733.97,7,8,2
2009,H,296.29,7,8,3
2010,G,46938.92,7,8,1
2010,L,22240.77,7,8,2
2010,H,330.23,7,8,3
2011,G,59768.10,7,8,1
2011,L,26261.18,7,8,2
2011,H,393.81,7,8,3
1995,G,9350135.50,8,8,1
1995,L,7922498.30,8,8,2
1995,H,3662921.10,8,8,3
1996,G,9828886.50,8,8,1
1996,L,8458985.30,8,8,2
1996,H,3885030.70,8,8,3
1997,G,9628094.10,8,8,1
1997,L,8394527.10,8,8,2
1997,H,3896468.60,8,8,3
1998,G,8905626.90,8,8,1
1998,L,8346694.80,8,8,2
1998,H,3970823.10,8,8,3
1999,G,8979993.90,8,8,1
1999,L,8378817.80,8,8,2
1999,H,4093734.60,8,8,3
2000,G,9100283.60,8,8,1
2000,L,8357313.50,8,8,2
2000,H,4047102.90,8,8,3
2001,G,8899078.80,8,8,1
2001,L,8503097.30,8,8,2
2001,H,4162615.10,8,8,3
2002,G,9369649.20,8,8,1
2002,L,9124852.50,8,8,2
2002,H,4514692.60,8,8,3
2003,G,10934809.00,8,8,1
2003,L,10899502.00,8,8,2
2003,H,5400161.20,8,8,3
2004,G,12838837.00,8,8,1
2004,L,12666700.00,8,8,2
2004,H,6304519.80,8,8,3
2005,G,14345003.00,8,8,1
2005,L,13875877.00,8,8,2
2005,H,7004038.90,8,8,3
2006,G,16167975.00,8,8,1
2006,L,15356312.00,8,8,2
2006,H,7774113.90,8,8,3
2007,G,19040009.00,8,8,1
2007,L,17853731.00,8,8,2
2007,H,9217639.00,8,8,3
2008,G,21822349.00,8,8,1
2008,L,20091414.00,8,8,2
2008,H,10188333.00,8,8,3
2009,G,19088430.00,8,8,1
2009,L,18276096.00,8,8,2
2009,H,9446048.80,8,8,3
2010,G,21269870.00,8,8,1
2010,L,19459427.00,8,8,2
2010,H,9787854.00,8,8,3
2011,G,24640059.00,8,8,1
2011,L,21884459.00,8,8,2
2011,H,10828821.00,8,8,3
1995,G,351805.79,9,8,1
1995,L,141582.19,9,8,2
1995,H,79902.94,9,8,3
1996,G,368290.71,9,8,1
1996,L,149901.36,9,8,2
1996,H,82014.05,9,8,3
1997,G,404014.27,9,8,1
1997,L,162169.02,9,8,2
1997,H,90898.06,9,8,3
1998,G,378160.41,9,8,1
1998,L,160507.82,9,8,2
1998,H,90596.32,9,8,3
1999,G,377728.68,9,8,1
1999,L,165757.65,9,8,2
1999,H,102645.50,9,8,3
2000,G,416779.34,9,8,1
2000,L,178404.49,9,8,2
2000,H,111248.92,9,8,3
2001,G,395320.55,9,8,1
2001,L,166130.16,9,8,2
2001,H,109830.77,9,8,3
2002,G,379485.80,9,8,1
2002,L,165277.72,9,8,2
2002,H,116658.75,9,8,3
2003,G,388874.18,9,8,1
2003,L,173538.49,9,8,2
2003,H,125646.03,9,8,3
2004,G,438120.17,9,8,1
2004,L,195923.24,9,8,2
2004,H,150775.44,9,8,3
2005,G,493073.88,9,8,1
2005,L,215506.40,9,8,2
2005,H,165563.24,9,8,3
2006,G,556863.03,9,8,1
2006,L,240261.20,9,8,2
2006,H,186845.17,9,8,3
2007,G,625811.49,9,8,1
2007,L,268069.64,9,8,2
2007,H,223389.97,9,8,3
2008,G,695870.24,9,8,1
2008,L,243970.22,9,8,2
2008,H,238484.77,9,8,3
2009,G,575400.43,9,8,1
2009,L,200174.95,9,8,2
2009,H,232931.82,9,8,3
2010,G,661614.77,9,8,1
2010,L,233404.50,9,8,2
2010,H,238357.15,9,8,3
2011,G,725218.72,9,8,1
2011,L,250388.91,9,8,2
2011,H,253824.73,9,8,3
1995,G,3123.51,1,9,1
1995,L,476.42,1,9,2
1995,H,967.02,1,9,3
1996,G,4262.32,1,9,1
1996,L,553.75,1,9,2
1996,H,1148.06,1,9,3
1997,G,5713.08,1,9,1
1997,L,733.61,1,9,2
1997,H,1145.77,1,9,3
1998,G,5432.78,1,9,1
1998,L,841.63,1,9,2
1998,H,1087.85,1,9,3
1999,G,5923.51,1,9,1
1999,L,908.01,1,9,2
1999,H,1242.67,1,9,3
2000,G,7248.22,1,9,1
2000,L,829.29,1,9,2
2000,H,1616.05,1,9,3
2001,G,5974.12,1,9,1
2001,L,882.38,1,9,2
2001,H,914.87,1,9,3
2002,G,5816.82,1,9,1
2002,L,782.53,1,9,2
2002,H,1483.69,1,9,3
2003,G,5676.82,1,9,1
2003,L,1590.58,1,9,2
2003,H,1468.69,1,9,3
2004,G,7423.53,1,9,1
2004,L,2173.99,1,9,2
2004,H,2894.09,1,9,3
2005,G,7250.22,1,9,1
2005,L,2253.90,1,9,2
2005,H,2333.32,1,9,3
2006,G,7291.77,1,9,1
2006,L,2369.07,1,9,2
2006,H,2742.43,1,9,3
2007,G,8014.76,1,9,1
2007,L,2999.29,1,9,2
2007,H,4796.22,1,9,3
2008,G,10286.45,1,9,1
2008,L,1955.41,1,9,2
2008,H,2233.93,1,9,3
2009,G,6894.09,1,9,1
2009,L,3761.15,1,9,2
2009,H,2305.25,1,9,3
2010,G,8276.89,1,9,1
2010,L,4464.75,1,9,2
2010,H,2474.13,1,9,3
2011,G,9568.48,1,9,1
2011,L,4786.01,1,9,2
2011,H,2673.70,1,9,3
1995,G,9346.58,2,9,1
1995,L,103.25,2,9,2
1995,H,83.94,2,9,3
1996,G,9186.68,2,9,1
1996,L,106.64,2,9,2
1996,H,75.79,2,9,3
1997,G,10373.63,2,9,1
1997,L,117.99,2,9,2
1997,H,78.72,2,9,3
1998,G,9869.93,2,9,1
1998,L,120.92,2,9,2
1998,H,76.74,2,9,3
1999,G,10768.68,2,9,1
1999,L,111.31,2,9,2
1999,H,70.35,2,9,3
2000,G,14051.28,2,9,1
2000,L,156.75,2,9,2
2000,H,84.72,2,9,3
2001,G,15040.29,2,9,1
2001,L,131.24,2,9,2
2001,H,67.86,2,9,3
2002,G,17116.30,2,9,1
2002,L,119.22,2,9,2
2002,H,94.13,2,9,3
2003,G,17803.24,2,9,1
2003,L,104.47,2,9,2
2003,H,88.21,2,9,3
2004,G,21365.21,2,9,1
2004,L,117.71,2,9,2
2004,H,82.05,2,9,3
2005,G,24230.46,2,9,1
2005,L,233.59,2,9,2
2005,H,148.26,2,9,3
2006,G,25766.70,2,9,1
2006,L,230.61,2,9,2
2006,H,141.58,2,9,3
2007,G,26356.58,2,9,1
2007,L,281.37,2,9,2
2007,H,177.87,2,9,3
2008,G,29140.79,2,9,1
2008,L,191.41,2,9,2
2008,H,137.25,2,9,3
2009,G,17303.00,2,9,1
2009,L,199.39,2,9,2
2009,H,123.96,2,9,3
2010,G,23144.23,2,9,1
2010,L,280.86,2,9,2
2010,H,143.07,2,9,3
2011,G,33955.47,2,9,1
2011,L,292.52,2,9,2
2011,H,145.12,2,9,3
1995,G,40238.61,3,9,1
1995,L,823.00,3,9,2
1995,H,602.29,3,9,3
1996,G,41271.69,3,9,1
1996,L,758.18,3,9,2
1996,H,464.33,3,9,3
1997,G,51056.57,3,9,1
1997,L,1007.82,3,9,2
1997,H,400.26,3,9,3
1998,G,54388.83,3,9,1
1998,L,1154.31,3,9,2
1998,H,2737.88,3,9,3
1999,G,56112.22,3,9,1
1999,L,1168.71,3,9,2
1999,H,2614.60,3,9,3
2000,G,68666.74,3,9,1
2000,L,1719.45,3,9,2
2000,H,4138.23,3,9,3
2001,G,70165.88,3,9,1
2001,L,2507.54,3,9,2
2001,H,4455.73,3,9,3
2002,G,85561.71,3,9,1
2002,L,3055.57,3,9,2
2002,H,6911.98,3,9,3
2003,G,110459.67,3,9,1
2003,L,2857.69,3,9,2
2003,H,6814.68,3,9,3
2004,G,151153.97,3,9,1
2004,L,3486.03,3,9,2
2004,H,10028.01,3,9,3
2005,G,193620.50,3,9,1
2005,L,4428.81,3,9,2
2005,H,12543.21,3,9,3
2006,G,235377.87,3,9,1
2006,L,5289.61,3,9,2
2006,H,13912.68,3,9,3
2007,G,276265.19,3,9,1
2007,L,5727.63,3,9,2
2007,H,18799.06,3,9,3
2008,G,294145.62,3,9,1
2008,L,7921.99,3,9,2
2008,H,26729.87,3,9,3
2009,G,255899.79,3,9,1
2009,L,7744.54,3,9,2
2009,H,26980.61,3,9,3
2010,G,320277.03,3,9,1
2010,L,8920.52,3,9,2
2010,H,37499.09,3,9,3
2011,G,360512.64,3,9,1
2011,L,9458.67,3,9,2
2011,H,42872.09,3,9,3
1995,G,41538.80,4,9,1
1995,L,1241.33,4,9,2
1995,H,2358.48,4,9,3
1996,G,43738.92,4,9,1
1996,L,1233.45,4,9,2
1996,H,2427.96,4,9,3
1997,G,48463.60,4,9,1
1997,L,1201.80,4,9,2
1997,H,2456.93,4,9,3
1998,G,52969.54,4,9,1
1998,L,1260.07,4,9,2
1998,H,2308.39,4,9,3
1999,G,59160.81,4,9,1
1999,L,1175.11,4,9,2
1999,H,2281.25,4,9,3
2000,G,62775.36,4,9,1
2000,L,1339.77,4,9,2
2000,H,2990.94,4,9,3
2001,G,64461.78,4,9,1
2001,L,1434.22,4,9,2
2001,H,3041.96,4,9,3
2002,G,66483.44,4,9,1
2002,L,1503.87,4,9,2
2002,H,7680.70,4,9,3
2003,G,73561.64,4,9,1
2003,L,2099.34,4,9,2
2003,H,6861.59,4,9,3
2004,G,83062.86,4,9,1
2004,L,2551.06,4,9,2
2004,H,11003.18,4,9,3
2005,G,92735.47,4,9,1
2005,L,3144.98,4,9,2
2005,H,11097.51,4,9,3
2006,G,101102.18,4,9,1
2006,L,3340.88,4,9,2
2006,H,13665.79,4,9,3
2007,G,103496.24,4,9,1
2007,L,3574.34,4,9,2
2007,H,13012.39,4,9,3
2008,G,108144.24,4,9,1
2008,L,3729.80,4,9,2
2008,H,9999.23,4,9,3
2009,G,76121.90,4,9,1
2009,L,2436.59,4,9,2
2009,H,10954.72,4,9,3
2010,G,87929.60,4,9,1
2010,L,2333.04,4,9,2
2010,H,18788.38,4,9,3
2011,G,99836.51,4,9,1
2011,L,2226.49,4,9,2
2011,H,17763.31,4,9,3
1995,G,8599.92,5,9,1
1995,L,27.02,5,9,2
1995,H,246.37,5,9,3
1996,G,9302.34,5,9,1
1996,L,40.52,5,9,2
1996,H,279.49,5,9,3
1997,G,11840.46,5,9,1
1997,L,29.11,5,9,2
1997,H,303.11,5,9,3
1998,G,12930.96,5,9,1
1998,L,42.71,5,9,2
1998,H,347.23,5,9,3
1999,G,15211.43,5,9,1
1999,L,46.65,5,9,2
1999,H,832.00,5,9,3
2000,G,18009.57,5,9,1
2000,L,25.61,5,9,2
2000,H,1684.66,5,9,3
2001,G,15738.18,5,9,1
2001,L,34.12,5,9,2
2001,H,2203.70,5,9,3
2002,G,17516.78,5,9,1
2002,L,28.51,5,9,2
2002,H,2461.79,5,9,3
2003,G,17143.74,5,9,1
2003,L,43.36,5,9,2
2003,H,3296.45,5,9,3
2004,G,24439.17,5,9,1
2004,L,38.47,5,9,2
2004,H,5603.80,5,9,3
2005,G,32474.44,5,9,1
2005,L,52.36,5,9,2
2005,H,6385.36,5,9,3
2006,G,42849.18,5,9,1
2006,L,76.40,5,9,2
2006,H,9563.94,5,9,3
2007,G,41612.48,5,9,1
2007,L,106.94,5,9,2
2007,H,11098.74,5,9,3
2008,G,39582.79,5,9,1
2008,L,211.39,5,9,2
2008,H,14246.71,5,9,3
2009,G,50905.97,5,9,1
2009,L,113.43,5,9,2
2009,H,13404.73,5,9,3
2010,G,60153.40,5,9,1
2010,L,188.95,5,9,2
2010,H,17043.38,5,9,3
2011,G,68123.61,5,9,1
2011,L,160.39,5,9,2
2011,H,16942.66,5,9,3
1995,G,105123.79,6,9,1
1995,L,1617.35,6,9,2
1995,H,548.99,6,9,3
1996,G,93800.28,6,9,1
1996,L,2128.95,6,9,2
1996,H,1477.02,6,9,3
1997,G,106542.57,6,9,1
1997,L,2567.56,6,9,2
1997,H,1294.33,6,9,3
1998,G,102748.95,6,9,1
1998,L,2409.79,6,9,2
1998,H,1837.10,6,9,3
1999,G,107734.97,6,9,1
1999,L,2533.56,6,9,2
1999,H,1673.96,6,9,3
2000,G,117196.27,6,9,1
2000,L,3839.85,6,9,2
2000,H,1440.24,6,9,3
2001,G,99945.96,6,9,1
2001,L,3462.08,6,9,2
2001,H,739.72,6,9,3
2002,G,98229.82,6,9,1
2002,L,3330.08,6,9,2
2002,H,1343.63,6,9,3
2003,G,93795.89,6,9,1
2003,L,3049.06,6,9,2
2003,H,1776.62,6,9,3
2004,G,101240.58,6,9,1
2004,L,3719.34,6,9,2
2004,H,1763.78,6,9,3
2005,G,107183.78,6,9,1
2005,L,3738.31,6,9,2
2005,H,2257.39,6,9,3
2006,G,114743.05,6,9,1
2006,L,3407.39,6,9,2
2006,H,4910.09,6,9,3
2007,G,111175.99,6,9,1
2007,L,3078.73,6,9,2
2007,H,2840.21,6,9,3
2008,G,107427.75,6,9,1
2008,L,3370.91,6,9,2
2008,H,3140.00,6,9,3
2009,G,73751.25,6,9,1
2009,L,2354.82,6,9,2
2009,H,2759.98,6,9,3
2010,G,97612.03,6,9,1
2010,L,2793.81,6,9,2
2010,H,6156.20,6,9,3
2011,G,100348.02,6,9,1
2011,L,2833.84,6,9,2
2011,H,6282.11,6,9,3
1995,G,51018.76,7,9,1
1995,L,1678.26,7,9,2
1995,H,886.63,7,9,3
1996,G,63788.72,7,9,1
1996,L,1842.93,7,9,2
1996,H,1146.85,7,9,3
1997,G,78304.59,7,9,1
1997,L,1831.54,7,9,2
1997,H,1017.05,7,9,3
1998,G,82027.55,7,9,1
1998,L,2055.72,7,9,2
1998,H,1179.99,7,9,3
1999,G,94596.97,7,9,1
1999,L,2360.47,7,9,2
1999,H,1367.72,7,9,3
2000,G,114186.60,7,9,1
2000,L,2872.65,7,9,2
2000,H,1814.65,7,9,3
2001,G,111332.50,7,9,1
2001,L,2538.88,7,9,2
2001,H,1395.37,7,9,3
2002,G,116177.19,7,9,1
2002,L,2619.31,7,9,2
2002,H,1617.41,7,9,3
2003,G,118141.64,7,9,1
2003,L,2404.84,7,9,2
2003,H,670.51,7,9,3
2004,G,135116.23,7,9,1
2004,L,2313.78,7,9,2
2004,H,966.50,7,9,3
2005,G,144995.05,7,9,1
2005,L,2893.04,7,9,2
2005,H,1066.97,7,9,3
2006,G,171010.22,7,9,1
2006,L,2943.34,7,9,2
2006,H,1405.21,7,9,3
2007,G,178923.33,7,9,1
2007,L,3106.34,7,9,2
2007,H,1940.00,7,9,3
2008,G,184757.53,7,9,1
2008,L,3020.78,7,9,2
2008,H,1817.48,7,9,3
2009,G,147995.09,7,9,1
2009,L,2222.07,7,9,2
2009,H,1479.69,7,9,3
2010,G,190080.69,7,9,1
2010,L,2477.24,7,9,2
2010,H,1896.19,7,9,3
2011,G,222680.18,7,9,1
2011,L,2619.36,7,9,2
2011,H,2199.12,7,9,3
1995,G,473208.38,8,9,1
1995,L,29439.33,8,9,2
1995,H,62954.78,8,9,3
1996,G,513276.84,8,9,1
1996,L,31003.92,8,9,2
1996,H,68951.58,8,9,3
1997,G,534147.73,8,9,1
1997,L,33782.19,8,9,2
1997,H,75579.90,8,9,3
1998,G,538650.65,8,9,1
1998,L,34010.74,8,9,2
1998,H,77253.59,8,9,3
1999,G,618794.40,8,9,1
1999,L,37236.65,8,9,2
1999,H,87890.71,8,9,3
2000,G,751500.08,8,9,1
2000,L,43074.23,8,9,2
2000,H,94777.34,8,9,3
2001,G,704886.69,8,9,1
2001,L,42232.76,8,9,2
2001,H,99130.19,8,9,3
2002,G,699826.83,8,9,1
2002,L,40825.92,8,9,2
2002,H,101125.29,8,9,3
2003,G,763543.77,8,9,1
2003,L,45259.68,8,9,2
2003,H,112664.04,8,9,3
2004,G,881017.58,8,9,1
2004,L,53144.46,8,9,2
2004,H,120291.73,8,9,3
2005,G,993570.63,8,9,1
2005,L,59644.83,8,9,2
2005,H,126570.85,8,9,3
2006,G,1063987.60,8,9,1
2006,L,63436.59,8,9,2
2006,H,142986.98,8,9,3
2007,G,1121396.80,8,9,1
2007,L,68543.52,8,9,2
2007,H,154078.79,8,9,3
2008,G,1229702.20,8,9,1
2008,L,84366.35,8,9,2
2008,H,171384.88,8,9,3
2009,G,849538.05,8,9,1
2009,L,58463.57,8,9,2
2009,H,166062.89,8,9,3
2010,G,1026077.70,8,9,1
2010,L,64808.10,8,9,2
2010,H,158708.13,8,9,3
2011,G,1157551.20,8,9,1
2011,L,72222.22,8,9,2
2011,H,162931.72,8,9,3
1995,G,4063134.00,9,9,1
1995,L,5791565.60,9,9,2
1995,H,2855288.10,9,9,3
1996,G,4259085.00,9,9,1
1996,L,6077090.40,9,9,2
1996,H,3120425.50,9,9,3
1997,G,4484088.40,9,9,1
1997,L,6366230.80,9,9,2
1997,H,3415363.80,9,9,3
1998,G,4647366.50,9,9,1
1998,L,6717769.20,9,9,2
1998,H,3756895.40,9,9,3
1999,G,4821032.00,9,9,1
1999,L,7209447.60,9,9,2
1999,H,4096521.20,9,9,3
2000,G,5041673.20,9,9,1
2000,L,7771744.20,9,9,2
2000,H,4508857.10,9,9,3
2001,G,4892677.30,9,9,1
2001,L,8095381.60,9,9,2
2001,H,4662796.70,9,9,3
2002,G,4838991.20,9,9,1
2002,L,8334405.80,9,9,2
2002,H,4796792.10,9,9,3
2003,G,5059298.80,9,9,1
2003,L,8728293.30,9,9,2
2003,H,5095858.60,9,9,3
2004,G,5437036.70,9,9,1
2004,L,9305475.90,9,9,2
2004,H,5449066.00,9,9,3
2005,G,6005349.50,9,9,1
2005,L,9956436.30,9,9,2
2005,H,5923468.90,9,9,3
2006,G,6308764.60,9,9,1
2006,L,10476792.00,9,9,2
2006,H,6345465.30,9,9,3
2007,G,6598003.70,9,9,1
2007,L,10892004.00,9,9,2
2007,H,6774332.60,9,9,3
2008,G,6676908.50,9,9,1
2008,L,11309904.00,9,9,2
2008,H,6936380.80,9,9,3
2009,G,5595215.10,9,9,1
2009,L,10862234.00,9,9,2
2009,H,6943335.90,9,9,3
2010,G,5742865.60,9,9,1
2010,L,11334137.00,9,9,2
2010,H,7098645.20,9,9,3
2011,G,6129169.50,9,9,1
2011,L,11595145.00,9,9,2
2011,H,7352732.00,9,9,3
